batter_a,year,strikeout_mean.1.00,strikeout_mean.2.00,strikeout_mean.3.00,strikeout_mean.4.00,strikeout_mean.5.00,strikeout_mean.6.00,strikeout_mean.7.00,strikeout_mean.8.00,walk_mean.1.00,walk_mean.2.00,walk_mean.3.00,walk_mean.4.00,walk_mean.5.00,walk_mean.6.00,walk_mean.7.00,walk_mean.8.00
abrej003,"2,014.00",0.18,0.25,0.30,0.30,0.15,0.18,0.20,0.15,0.03,0.05,0.03,0.03,0.03,0.03,0.05,0.07
abrej003,"2,015.00",0.18,0.17,0.22,0.17,0.20,0.27,0.20,0.22,0.03,0.03,0.07,0.02,0.05,0.02,0.05,0.08
abrej003,"2,016.00",0.25,0.15,0.20,0.25,0.10,0.22,0.22,0.10,0.07,0.07,0.05,0.03,0.05,0.02,0.03,0.08
ackld001,"2,012.00",0.18,0.15,0.15,0.27,0.30,0.15,0.22,0.12,0.07,0.07,0.10,0.12,0.08,0.10,0.08,0.07
ackld001,"2,014.00",0.12,0.22,0.17,0.17,0.20,0.13,0.12,0.12,0.05,0.12,0.03,0.03,0.08,0.02,0.05,0.08
adamm002,"2,014.00",0.15,0.25,0.20,0.12,0.22,0.23,0.20,0.17,0.05,0.00,0.02,0.02,0.02,0.02,0.03,0.12
alony001,"2,012.00",0.17,0.13,0.18,0.23,0.13,0.12,0.15,0.13,0.10,0.08,0.12,0.07,0.02,0.15,0.02,0.02
alony001,"2,016.00",0.15,0.15,0.17,0.08,0.12,0.10,0.20,0.17,0.03,0.12,0.08,0.07,0.12,0.05,0.07,0.08
altuj001,"2,012.00",0.13,0.12,0.12,0.10,0.17,0.12,0.08,0.13,0.07,0.07,0.07,0.02,0.03,0.03,0.08,0.17
altuj001,"2,013.00",0.13,0.12,0.08,0.08,0.20,0.18,0.08,0.15,0.07,0.07,0.02,0.02,0.00,0.07,0.03,0.08
altuj001,"2,014.00",0.08,0.07,0.07,0.08,0.07,0.02,0.07,0.20,0.08,0.05,0.08,0.02,0.03,0.07,0.03,0.00
altuj001,"2,015.00",0.07,0.07,0.12,0.10,0.13,0.08,0.02,0.17,0.05,0.03,0.05,0.02,0.02,0.05,0.05,0.00
altuj001,"2,016.00",0.13,0.12,0.07,0.05,0.08,0.07,0.12,0.08,0.10,0.12,0.10,0.05,0.07,0.10,0.02,0.05
alvap001,"2,012.00",0.37,0.30,0.30,0.22,0.27,0.38,0.32,0.28,0.05,0.12,0.05,0.12,0.08,0.05,0.12,0.15
alvap001,"2,013.00",0.28,0.32,0.32,0.33,0.35,0.25,0.32,0.30,0.08,0.02,0.07,0.10,0.08,0.03,0.08,0.05
alvap001,"2,015.00",0.23,0.23,0.20,0.22,0.23,0.30,0.32,0.32,0.05,0.13,0.05,0.05,0.02,0.08,0.03,0.17
amara001,"2,014.00",0.20,0.17,0.12,0.05,0.22,0.13,0.07,0.18,0.12,0.03,0.03,0.05,0.03,0.07,0.03,0.03
andre001,"2,012.00",0.17,0.10,0.07,0.12,0.10,0.08,0.20,0.15,0.08,0.10,0.13,0.08,0.08,0.12,0.05,0.08
andre001,"2,013.00",0.10,0.12,0.15,0.15,0.12,0.18,0.13,0.13,0.10,0.00,0.07,0.08,0.07,0.07,0.10,0.08
andre001,"2,014.00",0.13,0.10,0.08,0.07,0.18,0.17,0.17,0.12,0.03,0.15,0.05,0.05,0.03,0.07,0.03,0.05
andre001,"2,015.00",0.15,0.10,0.13,0.18,0.13,0.10,0.13,0.15,0.00,0.13,0.12,0.08,0.05,0.05,0.03,0.03
andre001,"2,016.00",0.13,0.08,0.10,0.12,0.15,0.13,0.08,0.08,0.07,0.02,0.10,0.07,0.08,0.10,0.07,0.10
aokin001,"2,012.00",0.10,0.13,0.07,0.12,0.12,0.07,0.08,0.05,0.08,0.05,0.05,0.07,0.13,0.05,0.05,0.08
aokin001,"2,013.00",0.05,0.08,0.05,0.02,0.05,0.03,0.07,0.08,0.10,0.08,0.05,0.05,0.10,0.10,0.03,0.02
aokin001,"2,014.00",0.18,0.10,0.07,0.12,0.03,0.07,0.07,0.07,0.08,0.05,0.07,0.08,0.07,0.10,0.10,0.05
aokin001,"2,016.00",0.13,0.12,0.13,0.05,0.08,0.03,0.12,0.08,0.02,0.18,0.10,0.05,0.03,0.02,0.07,0.10
arenj001,"2,013.00",0.37,0.33,0.27,0.28,0.22,0.25,0.28,0.27,0.02,0.02,0.02,0.05,0.05,0.07,0.05,0.03
arenn001,"2,013.00",0.12,0.12,0.12,0.17,0.12,0.07,0.18,0.15,0.03,0.07,0.05,0.05,0.03,0.03,0.05,0.00
arenn001,"2,014.00",0.13,0.08,0.13,0.15,0.12,0.12,0.10,0.13,0.02,0.03,0.07,0.02,0.05,0.12,0.07,0.03
arenn001,"2,015.00",0.05,0.13,0.17,0.20,0.13,0.08,0.22,0.18,0.05,0.00,0.05,0.02,0.02,0.00,0.03,0.05
arenn001,"2,016.00",0.07,0.12,0.08,0.15,0.12,0.25,0.15,0.12,0.07,0.10,0.12,0.08,0.08,0.08,0.07,0.03
avilm001,"2,012.00",0.15,0.08,0.13,0.17,0.13,0.15,0.18,0.13,0.05,0.05,0.02,0.00,0.03,0.05,0.05,0.07
aybae001,"2,012.00",0.17,0.13,0.10,0.07,0.10,0.07,0.17,0.07,0.05,0.02,0.03,0.03,0.07,0.07,0.02,0.03
aybae001,"2,013.00",0.10,0.07,0.07,0.12,0.12,0.07,0.07,0.13,0.02,0.03,0.02,0.03,0.03,0.10,0.05,0.05
aybae001,"2,014.00",0.10,0.10,0.07,0.08,0.08,0.12,0.07,0.12,0.08,0.00,0.07,0.05,0.07,0.02,0.03,0.05
aybae001,"2,015.00",0.13,0.15,0.13,0.18,0.08,0.08,0.08,0.07,0.08,0.03,0.03,0.05,0.05,0.03,0.03,0.02
barmc001,"2,012.00",0.20,0.33,0.17,0.22,0.12,0.18,0.32,0.18,0.02,0.00,0.02,0.03,0.02,0.03,0.03,0.12
barnd001,"2,012.00",0.12,0.13,0.08,0.05,0.03,0.08,0.13,0.15,0.05,0.03,0.07,0.08,0.02,0.05,0.00,0.07
barnd001,"2,013.00",0.10,0.08,0.20,0.05,0.08,0.10,0.17,0.10,0.10,0.03,0.07,0.02,0.02,0.02,0.07,0.10
bautj002,"2,013.00",0.22,0.17,0.15,0.15,0.20,0.12,0.17,0.13,0.12,0.17,0.18,0.07,0.07,0.17,0.08,0.10
bautj002,"2,014.00",0.15,0.18,0.12,0.17,0.10,0.10,0.20,0.12,0.27,0.17,0.12,0.10,0.13,0.15,0.05,0.10
bautj002,"2,015.00",0.20,0.23,0.10,0.12,0.13,0.15,0.10,0.17,0.18,0.15,0.20,0.13,0.18,0.22,0.05,0.03
bautj002,"2,016.00",0.25,0.15,0.13,0.12,0.17,0.23,0.25,0.22,0.22,0.15,0.13,0.15,0.13,0.17,0.07,0.25
beckg001,"2,012.00",0.22,0.18,0.08,0.10,0.13,0.22,0.10,0.20,0.07,0.03,0.07,0.02,0.10,0.05,0.05,0.05
beckg001,"2,014.00",0.15,0.15,0.17,0.13,0.17,0.18,0.17,0.13,0.05,0.03,0.05,0.07,0.07,0.02,0.02,0.03
belta001,"2,012.00",0.07,0.10,0.12,0.20,0.08,0.12,0.12,0.10,0.05,0.02,0.02,0.05,0.07,0.05,0.03,0.08
belta001,"2,013.00",0.08,0.10,0.08,0.12,0.12,0.15,0.05,0.08,0.03,0.07,0.03,0.08,0.07,0.00,0.02,0.05
belta001,"2,014.00",0.12,0.25,0.10,0.05,0.08,0.18,0.03,0.07,0.12,0.05,0.08,0.00,0.05,0.03,0.05,0.12
belta001,"2,015.00",0.07,0.13,0.10,0.10,0.12,0.08,0.08,0.08,0.03,0.05,0.03,0.02,0.05,0.07,0.08,0.05
belta001,"2,016.00",0.05,0.12,0.10,0.13,0.12,0.15,0.08,0.07,0.05,0.07,0.03,0.08,0.02,0.10,0.05,0.05
beltb001,"2,012.00",0.22,0.25,0.18,0.28,0.33,0.12,0.15,0.17,0.12,0.13,0.15,0.08,0.10,0.10,0.03,0.07
beltb001,"2,013.00",0.20,0.27,0.15,0.17,0.22,0.30,0.23,0.17,0.07,0.08,0.13,0.03,0.07,0.10,0.12,0.08
beltb001,"2,015.00",0.27,0.25,0.27,0.27,0.30,0.22,0.30,0.22,0.10,0.07,0.08,0.08,0.10,0.13,0.07,0.12
beltb001,"2,016.00",0.13,0.13,0.23,0.12,0.25,0.20,0.33,0.23,0.10,0.22,0.17,0.12,0.08,0.12,0.15,0.25
beltc001,"2,012.00",0.20,0.25,0.13,0.20,0.10,0.12,0.25,0.25,0.12,0.15,0.08,0.05,0.05,0.10,0.00,0.02
beltc001,"2,013.00",0.18,0.15,0.15,0.18,0.13,0.20,0.17,0.08,0.05,0.05,0.07,0.03,0.08,0.02,0.05,0.03
beltc001,"2,015.00",0.27,0.17,0.10,0.20,0.17,0.12,0.22,0.12,0.07,0.03,0.03,0.08,0.12,0.13,0.08,0.05
beltc001,"2,016.00",0.25,0.20,0.15,0.17,0.13,0.12,0.18,0.13,0.02,0.03,0.08,0.05,0.07,0.03,0.03,0.05
bettm001,"2,015.00",0.18,0.13,0.07,0.08,0.10,0.08,0.18,0.08,0.08,0.10,0.05,0.07,0.03,0.07,0.08,0.03
bettm001,"2,016.00",0.25,0.12,0.10,0.12,0.10,0.17,0.07,0.07,0.02,0.07,0.07,0.07,0.10,0.03,0.05,0.08
blacc001,"2,014.00",0.05,0.08,0.13,0.15,0.13,0.15,0.18,0.25,0.05,0.07,0.02,0.08,0.05,0.03,0.02,0.03
blacc001,"2,015.00",0.23,0.15,0.22,0.13,0.20,0.12,0.13,0.17,0.12,0.00,0.05,0.12,0.03,0.12,0.07,0.05
blacc001,"2,016.00",0.13,0.12,0.12,0.18,0.17,0.18,0.22,0.08,0.10,0.05,0.07,0.12,0.07,0.02,0.05,0.05
blang001,"2,013.00",0.18,0.15,0.20,0.25,0.18,0.15,0.13,0.17,0.12,0.08,0.03,0.05,0.10,0.10,0.12,0.05
boesb001,"2,012.00",0.17,0.27,0.13,0.13,0.20,0.17,0.23,0.32,0.02,0.02,0.07,0.03,0.07,0.03,0.03,0.10
bogax001,"2,014.00",0.22,0.22,0.22,0.20,0.22,0.32,0.23,0.25,0.12,0.15,0.07,0.07,0.03,0.03,0.03,0.03
bogax001,"2,015.00",0.17,0.15,0.08,0.17,0.12,0.18,0.18,0.12,0.10,0.05,0.03,0.03,0.02,0.03,0.00,0.05
bogax001,"2,016.00",0.20,0.08,0.18,0.13,0.13,0.13,0.13,0.17,0.05,0.12,0.05,0.08,0.05,0.10,0.12,0.05
bourm001,"2,012.00",0.15,0.15,0.18,0.22,0.25,0.20,0.23,0.33,0.10,0.08,0.07,0.03,0.07,0.07,0.13,0.03
bourm001,"2,013.00",0.22,0.23,0.30,0.20,0.18,0.15,0.25,0.27,0.05,0.07,0.03,0.10,0.02,0.13,0.03,0.10
bourm001,"2,014.00",0.25,0.27,0.18,0.23,0.15,0.27,0.27,0.23,0.05,0.05,0.10,0.03,0.07,0.13,0.07,0.07
bourm001,"2,015.00",0.22,0.17,0.22,0.28,0.27,0.20,0.23,0.17,0.08,0.12,0.08,0.08,0.07,0.08,0.12,0.12
bradj001,"2,016.00",0.23,0.23,0.10,0.17,0.18,0.25,0.15,0.30,0.05,0.07,0.12,0.12,0.12,0.08,0.05,0.10
branm003,"2,012.00",0.08,0.08,0.10,0.17,0.03,0.07,0.12,0.07,0.08,0.03,0.02,0.05,0.03,0.12,0.13,0.07
branm003,"2,013.00",0.13,0.13,0.10,0.08,0.13,0.08,0.12,0.08,0.10,0.03,0.05,0.08,0.03,0.12,0.07,0.05
branm003,"2,014.00",0.10,0.05,0.12,0.07,0.12,0.05,0.05,0.10,0.10,0.07,0.10,0.05,0.07,0.10,0.03,0.08
branm003,"2,015.00",0.05,0.03,0.10,0.08,0.10,0.07,0.07,0.13,0.07,0.12,0.13,0.08,0.05,0.08,0.15,0.03
braur002,"2,012.00",0.25,0.22,0.08,0.18,0.15,0.17,0.22,0.23,0.07,0.05,0.12,0.10,0.08,0.05,0.05,0.07
braur002,"2,014.00",0.20,0.15,0.08,0.23,0.20,0.22,0.20,0.18,0.03,0.07,0.03,0.05,0.08,0.08,0.03,0.07
braur002,"2,015.00",0.18,0.22,0.18,0.18,0.27,0.18,0.27,0.17,0.03,0.13,0.10,0.07,0.08,0.03,0.10,0.08
braur002,"2,016.00",0.15,0.12,0.13,0.20,0.13,0.18,0.15,0.20,0.10,0.05,0.10,0.03,0.00,0.08,0.12,0.03
browd004,"2,013.00",0.18,0.18,0.15,0.22,0.20,0.18,0.15,0.15,0.05,0.07,0.00,0.03,0.08,0.05,0.05,0.08
browd004,"2,014.00",0.18,0.20,0.12,0.20,0.15,0.22,0.18,0.17,0.08,0.03,0.03,0.05,0.08,0.05,0.08,0.05
brucj001,"2,012.00",0.25,0.13,0.35,0.23,0.13,0.18,0.17,0.33,0.02,0.08,0.07,0.15,0.10,0.07,0.10,0.08
brucj001,"2,013.00",0.30,0.28,0.30,0.23,0.25,0.25,0.25,0.27,0.00,0.13,0.02,0.07,0.05,0.07,0.05,0.07
brucj001,"2,014.00",0.22,0.25,0.42,0.18,0.23,0.30,0.20,0.28,0.20,0.12,0.02,0.12,0.00,0.08,0.07,0.05
brucj001,"2,015.00",0.28,0.25,0.18,0.23,0.15,0.18,0.15,0.28,0.12,0.12,0.08,0.17,0.07,0.07,0.05,0.02
brucj001,"2,016.00",0.22,0.25,0.18,0.12,0.22,0.17,0.23,0.18,0.02,0.07,0.08,0.03,0.05,0.05,0.10,0.10
bryak001,"2,015.00",0.22,0.38,0.22,0.28,0.33,0.28,0.33,0.27,0.17,0.17,0.08,0.13,0.08,0.15,0.08,0.15
bryak001,"2,016.00",0.20,0.18,0.22,0.22,0.30,0.23,0.22,0.25,0.10,0.12,0.08,0.08,0.08,0.10,0.12,0.12
burnb002,"2,015.00",0.10,0.20,0.18,0.05,0.13,0.15,0.25,0.10,0.05,0.05,0.03,0.03,0.03,0.08,0.05,0.03
butlb003,"2,012.00",0.13,0.13,0.17,0.22,0.10,0.12,0.17,0.15,0.05,0.00,0.10,0.07,0.08,0.12,0.07,0.10
butlb003,"2,013.00",0.13,0.12,0.17,0.15,0.18,0.20,0.10,0.12,0.15,0.12,0.05,0.17,0.10,0.12,0.07,0.12
butlb003,"2,014.00",0.17,0.20,0.18,0.12,0.12,0.22,0.17,0.10,0.10,0.03,0.07,0.08,0.08,0.05,0.05,0.02
butlb003,"2,015.00",0.15,0.13,0.17,0.13,0.18,0.20,0.17,0.15,0.10,0.03,0.03,0.05,0.13,0.07,0.02,0.15
byrdm001,"2,013.00",0.28,0.28,0.32,0.25,0.25,0.28,0.15,0.25,0.03,0.07,0.10,0.03,0.00,0.07,0.07,0.02
byrdm001,"2,014.00",0.27,0.28,0.25,0.32,0.25,0.28,0.32,0.25,0.02,0.03,0.07,0.12,0.03,0.05,0.03,0.03
byrdm001,"2,015.00",0.30,0.22,0.20,0.17,0.30,0.27,0.32,0.28,0.00,0.13,0.10,0.03,0.00,0.07,0.03,0.03
cabra002,"2,012.00",0.05,0.10,0.12,0.12,0.22,0.20,0.28,0.13,0.08,0.13,0.10,0.07,0.12,0.05,0.02,0.03
cabra002,"2,013.00",0.28,0.13,0.22,0.28,0.23,0.10,0.20,0.15,0.08,0.08,0.03,0.03,0.10,0.03,0.02,0.08
cabra002,"2,014.00",0.15,0.17,0.15,0.20,0.17,0.23,0.20,0.15,0.07,0.07,0.12,0.03,0.08,0.02,0.05,0.08
cabra002,"2,015.00",0.22,0.25,0.25,0.13,0.13,0.27,0.15,0.20,0.03,0.08,0.05,0.03,0.03,0.07,0.05,0.13
cabra002,"2,016.00",0.18,0.15,0.22,0.28,0.12,0.18,0.20,0.22,0.07,0.03,0.02,0.08,0.07,0.03,0.02,0.07
cabrm001,"2,012.00",0.13,0.12,0.15,0.13,0.12,0.13,0.07,0.13,0.08,0.03,0.03,0.07,0.07,0.08,0.08,0.08
cabrm001,"2,013.00",0.10,0.13,0.13,0.18,0.17,0.18,0.12,0.15,0.08,0.12,0.08,0.08,0.15,0.10,0.10,0.17
cabrm001,"2,014.00",0.20,0.13,0.17,0.12,0.15,0.12,0.18,0.17,0.07,0.05,0.03,0.07,0.13,0.05,0.10,0.10
cabrm001,"2,015.00",0.13,0.18,0.15,0.18,0.15,0.17,0.15,0.13,0.08,0.15,0.10,0.07,0.17,0.17,0.08,0.12
cabrm001,"2,016.00",0.22,0.13,0.10,0.13,0.20,0.20,0.15,0.18,0.08,0.10,0.10,0.08,0.05,0.12,0.07,0.08
cabrm002,"2,012.00",0.08,0.13,0.13,0.12,0.15,0.10,0.12,0.13,0.08,0.08,0.05,0.05,0.02,0.08,0.05,0.07
cabrm002,"2,014.00",0.15,0.17,0.13,0.05,0.13,0.05,0.08,0.12,0.00,0.07,0.07,0.10,0.02,0.10,0.05,0.10
cabrm002,"2,015.00",0.12,0.03,0.08,0.18,0.13,0.10,0.23,0.13,0.02,0.13,0.05,0.00,0.05,0.08,0.05,0.05
cabrm002,"2,016.00",0.05,0.08,0.13,0.10,0.17,0.08,0.13,0.15,0.07,0.13,0.08,0.03,0.03,0.03,0.07,0.05
cainl001,"2,014.00",0.15,0.22,0.17,0.20,0.27,0.23,0.22,0.22,0.03,0.08,0.02,0.02,0.02,0.07,0.07,0.07
cainl001,"2,015.00",0.13,0.20,0.22,0.18,0.13,0.08,0.18,0.13,0.08,0.00,0.03,0.07,0.10,0.07,0.05,0.02
calhk001,"2,014.00",0.20,0.25,0.15,0.15,0.18,0.13,0.22,0.20,0.07,0.10,0.07,0.12,0.03,0.07,0.05,0.05
calhk001,"2,015.00",0.22,0.20,0.20,0.22,0.13,0.27,0.27,0.25,0.07,0.08,0.05,0.10,0.07,0.03,0.07,0.08
calhk001,"2,016.00",0.20,0.10,0.25,0.10,0.25,0.13,0.12,0.18,0.07,0.12,0.10,0.13,0.07,0.03,0.18,0.12
calla001,"2,012.00",0.17,0.13,0.02,0.15,0.08,0.10,0.07,0.13,0.05,0.07,0.13,0.10,0.12,0.18,0.17,0.03
calla001,"2,013.00",0.12,0.08,0.03,0.05,0.05,0.08,0.12,0.13,0.08,0.07,0.12,0.08,0.05,0.15,0.15,0.10
canhm001,"2,015.00",0.23,0.23,0.12,0.22,0.17,0.25,0.22,0.12,0.07,0.08,0.10,0.02,0.07,0.03,0.08,0.05
canor001,"2,012.00",0.05,0.18,0.13,0.17,0.13,0.15,0.15,0.08,0.10,0.02,0.10,0.07,0.07,0.05,0.05,0.03
canor001,"2,013.00",0.17,0.12,0.12,0.17,0.15,0.10,0.03,0.23,0.07,0.05,0.02,0.07,0.12,0.12,0.12,0.08
canor001,"2,014.00",0.10,0.17,0.08,0.08,0.10,0.13,0.10,0.08,0.05,0.05,0.03,0.05,0.08,0.08,0.07,0.07
canor001,"2,015.00",0.15,0.13,0.20,0.18,0.15,0.18,0.13,0.13,0.03,0.05,0.05,0.05,0.05,0.03,0.05,0.08
canor001,"2,016.00",0.15,0.12,0.17,0.08,0.17,0.18,0.18,0.07,0.08,0.07,0.02,0.12,0.03,0.07,0.07,0.05
carpm002,"2,013.00",0.13,0.15,0.12,0.10,0.13,0.15,0.07,0.17,0.08,0.08,0.17,0.10,0.08,0.03,0.12,0.07
carpm002,"2,014.00",0.18,0.23,0.18,0.10,0.12,0.12,0.15,0.25,0.17,0.10,0.12,0.08,0.12,0.12,0.12,0.13
carpm002,"2,015.00",0.10,0.18,0.25,0.18,0.23,0.18,0.17,0.18,0.08,0.10,0.07,0.18,0.15,0.13,0.10,0.13
carpm002,"2,016.00",0.17,0.23,0.15,0.20,0.10,0.18,0.20,0.23,0.17,0.13,0.12,0.08,0.23,0.17,0.12,0.07
carrj001,"2,012.00",0.13,0.10,0.08,0.10,0.13,0.17,0.10,0.15,0.10,0.12,0.08,0.07,0.12,0.08,0.12,0.10
cartc002,"2,013.00",0.35,0.47,0.30,0.35,0.30,0.33,0.35,0.40,0.10,0.08,0.15,0.08,0.08,0.18,0.12,0.10
cartc002,"2,014.00",0.35,0.28,0.27,0.28,0.42,0.25,0.25,0.37,0.13,0.08,0.07,0.08,0.02,0.12,0.05,0.07
cartc002,"2,016.00",0.28,0.25,0.47,0.23,0.32,0.32,0.37,0.23,0.12,0.07,0.07,0.08,0.15,0.12,0.08,0.15
castj006,"2,013.00",0.22,0.28,0.25,0.20,0.13,0.30,0.33,0.23,0.02,0.08,0.07,0.10,0.10,0.07,0.10,0.13
castj006,"2,014.00",0.23,0.35,0.33,0.18,0.30,0.27,0.28,0.27,0.08,0.08,0.03,0.05,0.12,0.00,0.07,0.08
castn001,"2,014.00",0.15,0.28,0.22,0.22,0.15,0.28,0.30,0.18,0.07,0.00,0.10,0.03,0.12,0.05,0.07,0.03
castn001,"2,015.00",0.23,0.32,0.18,0.23,0.23,0.20,0.32,0.15,0.10,0.02,0.07,0.07,0.02,0.12,0.08,0.10
casts001,"2,012.00",0.10,0.15,0.13,0.25,0.22,0.10,0.10,0.17,0.05,0.00,0.02,0.03,0.00,0.05,0.03,0.07
casts001,"2,013.00",0.17,0.15,0.17,0.15,0.23,0.18,0.17,0.20,0.02,0.03,0.07,0.03,0.03,0.02,0.05,0.05
casts001,"2,014.00",0.13,0.10,0.15,0.17,0.23,0.25,0.15,0.15,0.02,0.05,0.07,0.07,0.05,0.03,0.10,0.07
casts001,"2,015.00",0.13,0.22,0.20,0.12,0.13,0.07,0.27,0.10,0.03,0.02,0.05,0.02,0.02,0.05,0.02,0.02
casts001,"2,016.00",0.12,0.13,0.25,0.17,0.18,0.18,0.25,0.25,0.07,0.03,0.02,0.05,0.03,0.07,0.02,0.05
castw002,"2,016.00",0.23,0.22,0.22,0.37,0.22,0.30,0.22,0.25,0.07,0.05,0.03,0.07,0.05,0.08,0.07,0.08
cervf001,"2,015.00",0.22,0.17,0.17,0.18,0.22,0.12,0.13,0.18,0.03,0.10,0.12,0.08,0.03,0.05,0.17,0.13
cespy001,"2,012.00",0.28,0.20,0.20,0.13,0.17,0.22,0.17,0.17,0.10,0.05,0.05,0.05,0.05,0.08,0.03,0.05
cespy001,"2,013.00",0.28,0.22,0.15,0.25,0.33,0.12,0.27,0.25,0.10,0.03,0.07,0.05,0.03,0.13,0.07,0.03
cespy001,"2,014.00",0.13,0.20,0.20,0.22,0.22,0.08,0.20,0.17,0.07,0.13,0.05,0.02,0.05,0.07,0.03,0.02
cespy001,"2,015.00",0.22,0.23,0.20,0.25,0.17,0.20,0.15,0.15,0.02,0.05,0.05,0.07,0.03,0.00,0.07,0.00
cespy001,"2,016.00",0.32,0.10,0.20,0.32,0.25,0.18,0.12,0.12,0.10,0.10,0.07,0.07,0.10,0.08,0.03,0.07
chisl001,"2,014.00",0.20,0.15,0.05,0.22,0.13,0.23,0.23,0.20,0.05,0.07,0.03,0.10,0.10,0.08,0.05,0.03
choos001,"2,012.00",0.20,0.18,0.15,0.25,0.23,0.22,0.17,0.27,0.15,0.10,0.10,0.08,0.05,0.12,0.07,0.10
choos001,"2,013.00",0.17,0.15,0.23,0.25,0.20,0.25,0.10,0.15,0.08,0.17,0.15,0.15,0.12,0.15,0.13,0.12
choos001,"2,014.00",0.22,0.13,0.33,0.10,0.22,0.25,0.33,0.27,0.20,0.12,0.07,0.20,0.08,0.07,0.07,0.07
choos001,"2,015.00",0.22,0.32,0.20,0.15,0.23,0.22,0.23,0.25,0.12,0.07,0.05,0.13,0.07,0.07,0.10,0.17
coghc001,"2,015.00",0.18,0.22,0.18,0.15,0.13,0.12,0.20,0.17,0.07,0.08,0.07,0.07,0.20,0.07,0.08,0.12
corrc001,"2,016.00",0.15,0.27,0.23,0.27,0.27,0.10,0.20,0.13,0.10,0.17,0.10,0.03,0.12,0.15,0.07,0.17
cozaz001,"2,012.00",0.18,0.18,0.30,0.17,0.20,0.13,0.17,0.10,0.08,0.07,0.03,0.07,0.03,0.05,0.05,0.05
cozaz001,"2,013.00",0.13,0.10,0.12,0.17,0.20,0.15,0.22,0.23,0.02,0.05,0.05,0.03,0.02,0.05,0.03,0.08
cozaz001,"2,014.00",0.15,0.15,0.10,0.20,0.13,0.15,0.17,0.08,0.02,0.05,0.00,0.02,0.08,0.08,0.03,0.03
cozaz001,"2,016.00",0.08,0.17,0.10,0.17,0.15,0.17,0.20,0.15,0.02,0.02,0.05,0.05,0.13,0.07,0.07,0.02
craia001,"2,012.00",0.22,0.17,0.22,0.20,0.15,0.15,0.18,0.13,0.08,0.08,0.13,0.05,0.07,0.12,0.00,0.05
craia001,"2,013.00",0.15,0.20,0.13,0.12,0.18,0.22,0.12,0.27,0.05,0.02,0.10,0.03,0.03,0.07,0.10,0.05
craia001,"2,014.00",0.18,0.13,0.25,0.17,0.12,0.23,0.25,0.35,0.05,0.08,0.07,0.08,0.02,0.05,0.10,0.10
crawb001,"2,012.00",0.15,0.25,0.30,0.10,0.15,0.20,0.15,0.20,0.03,0.05,0.05,0.05,0.05,0.07,0.05,0.08
crawb001,"2,013.00",0.15,0.20,0.18,0.13,0.17,0.15,0.13,0.13,0.10,0.07,0.02,0.03,0.03,0.08,0.08,0.05
crawb001,"2,014.00",0.23,0.17,0.22,0.23,0.22,0.23,0.23,0.32,0.12,0.10,0.03,0.08,0.10,0.15,0.08,0.07
crawb001,"2,015.00",0.23,0.20,0.13,0.18,0.23,0.25,0.18,0.20,0.08,0.08,0.03,0.03,0.12,0.00,0.03,0.03
crawb001,"2,016.00",0.23,0.15,0.22,0.20,0.12,0.13,0.25,0.17,0.08,0.05,0.03,0.10,0.10,0.08,0.07,0.05
crawc002,"2,013.00",0.15,0.13,0.08,0.22,0.12,0.08,0.17,0.15,0.07,0.07,0.07,0.05,0.02,0.08,0.08,0.00
crisc001,"2,012.00",0.12,0.12,0.05,0.18,0.17,0.08,0.13,0.12,0.08,0.03,0.13,0.08,0.07,0.10,0.03,0.15
crisc001,"2,013.00",0.07,0.05,0.12,0.12,0.13,0.18,0.10,0.12,0.12,0.15,0.15,0.05,0.10,0.07,0.07,0.08
crisc001,"2,014.00",0.13,0.18,0.12,0.08,0.08,0.13,0.12,0.12,0.20,0.05,0.15,0.13,0.13,0.12,0.07,0.07
crisc001,"2,016.00",0.17,0.13,0.10,0.17,0.10,0.13,0.22,0.18,0.10,0.07,0.02,0.08,0.12,0.15,0.05,0.08
cruzn002,"2,012.00",0.30,0.18,0.25,0.35,0.23,0.17,0.17,0.15,0.05,0.07,0.07,0.05,0.10,0.05,0.13,0.08
cruzn002,"2,014.00",0.17,0.22,0.32,0.12,0.25,0.17,0.17,0.20,0.13,0.03,0.03,0.13,0.05,0.07,0.03,0.10
cruzn002,"2,015.00",0.17,0.23,0.27,0.32,0.18,0.22,0.15,0.13,0.07,0.02,0.10,0.07,0.12,0.08,0.08,0.05
cruzn002,"2,016.00",0.15,0.20,0.32,0.18,0.35,0.18,0.28,0.28,0.10,0.13,0.07,0.10,0.05,0.08,0.08,0.10
cuddm001,"2,013.00",0.12,0.25,0.13,0.20,0.18,0.12,0.23,0.18,0.12,0.08,0.02,0.05,0.07,0.18,0.07,0.03
cuthc001,"2,016.00",0.18,0.27,0.18,0.22,0.12,0.17,0.27,0.12,0.02,0.03,0.08,0.02,0.12,0.05,0.03,0.08
davic003,"2,012.00",0.25,0.28,0.25,0.27,0.32,0.35,0.35,0.32,0.03,0.07,0.00,0.10,0.03,0.07,0.07,0.07
davic003,"2,013.00",0.22,0.27,0.20,0.22,0.33,0.32,0.37,0.37,0.12,0.12,0.08,0.05,0.03,0.05,0.03,0.10
davic003,"2,014.00",0.23,0.32,0.30,0.32,0.28,0.42,0.38,0.38,0.12,0.15,0.05,0.10,0.12,0.07,0.10,0.05
davic003,"2,015.00",0.37,0.43,0.27,0.23,0.25,0.25,0.32,0.30,0.07,0.08,0.12,0.17,0.15,0.05,0.07,0.12
davic003,"2,016.00",0.27,0.30,0.30,0.38,0.27,0.37,0.33,0.35,0.17,0.10,0.13,0.15,0.12,0.05,0.15,0.13
davii001,"2,012.00",0.28,0.25,0.28,0.25,0.20,0.25,0.20,0.18,0.07,0.07,0.05,0.18,0.03,0.07,0.07,0.13
davik003,"2,014.00",0.27,0.30,0.22,0.15,0.23,0.18,0.30,0.13,0.02,0.00,0.05,0.12,0.07,0.07,0.05,0.10
davik003,"2,016.00",0.35,0.17,0.25,0.28,0.22,0.28,0.23,0.30,0.03,0.02,0.03,0.05,0.03,0.03,0.08,0.07
davir003,"2,012.00",0.20,0.17,0.20,0.17,0.20,0.18,0.23,0.28,0.05,0.08,0.02,0.10,0.02,0.07,0.07,0.03
davir003,"2,014.00",0.12,0.22,0.18,0.17,0.17,0.17,0.13,0.07,0.07,0.02,0.07,0.05,0.05,0.02,0.07,0.03
davir003,"2,016.00",0.27,0.25,0.27,0.17,0.13,0.22,0.18,0.12,0.07,0.10,0.10,0.07,0.02,0.07,0.08,0.03
deaza001,"2,012.00",0.17,0.23,0.17,0.22,0.12,0.18,0.20,0.08,0.08,0.12,0.12,0.07,0.05,0.03,0.07,0.02
deaza001,"2,013.00",0.23,0.35,0.22,0.23,0.23,0.13,0.15,0.23,0.05,0.07,0.05,0.07,0.07,0.13,0.08,0.05
deaza001,"2,014.00",0.23,0.15,0.27,0.22,0.20,0.23,0.13,0.27,0.03,0.10,0.07,0.12,0.02,0.10,0.07,0.05
dejed001,"2,012.00",0.18,0.12,0.20,0.13,0.17,0.12,0.15,0.10,0.13,0.12,0.03,0.15,0.05,0.08,0.15,0.07
denoc001,"2,013.00",0.17,0.15,0.15,0.13,0.17,0.10,0.22,0.10,0.08,0.10,0.02,0.12,0.07,0.05,0.10,0.02
deshd002,"2,015.00",0.22,0.20,0.23,0.20,0.25,0.22,0.18,0.08,0.17,0.10,0.07,0.10,0.13,0.08,0.10,0.03
desmi001,"2,012.00",0.15,0.18,0.25,0.20,0.20,0.17,0.25,0.23,0.05,0.05,0.00,0.05,0.03,0.08,0.05,0.07
desmi001,"2,013.00",0.22,0.30,0.20,0.18,0.22,0.20,0.27,0.15,0.02,0.03,0.08,0.05,0.07,0.07,0.08,0.15
desmi001,"2,014.00",0.30,0.28,0.20,0.27,0.30,0.38,0.23,0.27,0.05,0.05,0.10,0.08,0.07,0.00,0.02,0.12
desmi001,"2,015.00",0.17,0.30,0.28,0.25,0.37,0.28,0.37,0.18,0.05,0.08,0.03,0.03,0.02,0.07,0.08,0.08
desmi001,"2,016.00",0.27,0.15,0.25,0.17,0.27,0.27,0.27,0.33,0.08,0.08,0.03,0.02,0.10,0.08,0.07,0.03
dickc002,"2,014.00",0.20,0.27,0.13,0.28,0.17,0.18,0.18,0.20,0.03,0.12,0.10,0.08,0.05,0.02,0.08,0.03
dickc002,"2,016.00",0.20,0.33,0.25,0.27,0.18,0.17,0.25,0.22,0.03,0.08,0.00,0.07,0.07,0.08,0.05,0.03
dirka001,"2,013.00",0.20,0.10,0.20,0.13,0.27,0.18,0.12,0.17,0.13,0.08,0.02,0.03,0.13,0.08,0.13,0.03
domim001,"2,013.00",0.12,0.17,0.17,0.15,0.12,0.18,0.18,0.20,0.05,0.03,0.02,0.00,0.05,0.08,0.02,0.08
domim001,"2,014.00",0.25,0.17,0.12,0.25,0.22,0.25,0.15,0.15,0.07,0.12,0.02,0.05,0.05,0.03,0.02,0.02
donaj001,"2,013.00",0.10,0.13,0.22,0.17,0.23,0.12,0.17,0.23,0.08,0.13,0.10,0.08,0.05,0.12,0.08,0.18
donaj001,"2,014.00",0.25,0.10,0.23,0.18,0.23,0.18,0.13,0.10,0.02,0.17,0.10,0.17,0.08,0.05,0.05,0.13
donaj001,"2,015.00",0.15,0.17,0.18,0.15,0.20,0.28,0.15,0.18,0.07,0.13,0.07,0.07,0.02,0.10,0.08,0.13
donaj001,"2,016.00",0.27,0.18,0.15,0.15,0.15,0.12,0.13,0.13,0.08,0.15,0.13,0.10,0.22,0.13,0.17,0.10
doumr001,"2,012.00",0.20,0.15,0.12,0.25,0.22,0.15,0.15,0.20,0.02,0.15,0.05,0.02,0.03,0.03,0.02,0.02
doumr001,"2,013.00",0.18,0.17,0.17,0.15,0.10,0.17,0.18,0.27,0.10,0.07,0.08,0.08,0.07,0.05,0.12,0.10
dozib001,"2,013.00",0.17,0.22,0.20,0.12,0.15,0.17,0.22,0.22,0.10,0.02,0.03,0.13,0.17,0.03,0.05,0.08
dozib001,"2,014.00",0.22,0.23,0.12,0.15,0.13,0.15,0.28,0.17,0.13,0.18,0.15,0.03,0.13,0.18,0.03,0.02
dozib001,"2,015.00",0.22,0.13,0.13,0.32,0.12,0.25,0.17,0.33,0.10,0.07,0.12,0.07,0.12,0.02,0.08,0.10
dozib001,"2,016.00",0.17,0.15,0.15,0.20,0.08,0.18,0.20,0.13,0.10,0.08,0.05,0.08,0.13,0.10,0.07,0.05
drews001,"2,013.00",0.28,0.23,0.22,0.32,0.25,0.23,0.22,0.25,0.13,0.10,0.13,0.05,0.08,0.15,0.08,0.08
drurb001,"2,016.00",0.18,0.18,0.10,0.30,0.23,0.17,0.17,0.20,0.02,0.03,0.02,0.10,0.03,0.08,0.05,0.13
dudal001,"2,014.00",0.27,0.23,0.18,0.13,0.23,0.22,0.22,0.18,0.08,0.10,0.08,0.12,0.13,0.12,0.03,0.12
dudal001,"2,015.00",0.18,0.20,0.27,0.25,0.20,0.38,0.27,0.32,0.08,0.13,0.10,0.10,0.08,0.07,0.12,0.12
duffm002,"2,015.00",0.18,0.23,0.13,0.17,0.15,0.15,0.08,0.17,0.07,0.02,0.08,0.03,0.02,0.03,0.03,0.08
dunna001,"2,012.00",0.37,0.28,0.35,0.45,0.35,0.30,0.30,0.25,0.13,0.18,0.17,0.25,0.13,0.20,0.13,0.10
dunna001,"2,013.00",0.28,0.30,0.37,0.30,0.18,0.27,0.23,0.17,0.05,0.13,0.10,0.07,0.15,0.13,0.12,0.15
dunna001,"2,014.00",0.28,0.25,0.27,0.43,0.33,0.22,0.28,0.33,0.22,0.12,0.25,0.05,0.18,0.12,0.03,0.07
duvaa001,"2,016.00",0.38,0.22,0.27,0.22,0.27,0.32,0.22,0.25,0.07,0.03,0.00,0.05,0.07,0.10,0.10,0.10
eatoa002,"2,014.00",0.12,0.15,0.23,0.20,0.13,0.15,0.08,0.12,0.12,0.07,0.00,0.13,0.12,0.10,0.07,0.08
eatoa002,"2,015.00",0.13,0.17,0.18,0.17,0.12,0.20,0.22,0.28,0.07,0.07,0.07,0.05,0.08,0.03,0.17,0.12
eatoa002,"2,016.00",0.13,0.12,0.02,0.23,0.17,0.17,0.25,0.23,0.05,0.10,0.12,0.05,0.12,0.07,0.08,0.08
ellia001,"2,012.00",0.20,0.15,0.23,0.27,0.32,0.17,0.17,0.17,0.13,0.15,0.10,0.18,0.07,0.12,0.05,0.08
ellim001,"2,012.00",0.10,0.10,0.13,0.20,0.13,0.15,0.17,0.18,0.10,0.10,0.13,0.07,0.13,0.05,0.03,0.05
ellim001,"2,013.00",0.17,0.15,0.15,0.13,0.13,0.13,0.15,0.18,0.02,0.02,0.08,0.05,0.05,0.07,0.03,0.07
ellsj001,"2,013.00",0.10,0.15,0.12,0.15,0.13,0.08,0.12,0.15,0.03,0.12,0.07,0.12,0.10,0.03,0.05,0.03
ellsj001,"2,014.00",0.07,0.27,0.18,0.18,0.17,0.08,0.13,0.07,0.10,0.05,0.12,0.07,0.10,0.10,0.03,0.07
ellsj001,"2,015.00",0.17,0.08,0.15,0.15,0.28,0.13,0.18,0.22,0.10,0.08,0.15,0.02,0.07,0.03,0.07,0.00
ellsj001,"2,016.00",0.18,0.10,0.15,0.10,0.08,0.10,0.10,0.23,0.05,0.08,0.08,0.12,0.10,0.07,0.05,0.07
encae001,"2,012.00",0.18,0.13,0.22,0.10,0.20,0.10,0.13,0.08,0.05,0.07,0.08,0.10,0.08,0.17,0.20,0.12
encae001,"2,013.00",0.22,0.10,0.13,0.08,0.07,0.08,0.07,0.08,0.10,0.08,0.12,0.08,0.15,0.08,0.17,0.08
encae001,"2,014.00",0.22,0.20,0.12,0.12,0.12,0.17,0.12,0.13,0.10,0.10,0.10,0.08,0.13,0.12,0.08,0.12
encae001,"2,015.00",0.13,0.27,0.20,0.20,0.13,0.12,0.10,0.18,0.05,0.07,0.20,0.12,0.10,0.13,0.15,0.10
encae001,"2,016.00",0.27,0.17,0.22,0.20,0.13,0.15,0.20,0.28,0.05,0.12,0.10,0.07,0.15,0.22,0.07,0.08
escoa003,"2,012.00",0.13,0.15,0.12,0.20,0.15,0.23,0.12,0.15,0.02,0.02,0.07,0.02,0.03,0.08,0.02,0.05
escoa003,"2,013.00",0.07,0.10,0.12,0.12,0.12,0.15,0.17,0.12,0.05,0.05,0.00,0.02,0.03,0.05,0.02,0.02
escoa003,"2,014.00",0.17,0.17,0.10,0.13,0.10,0.22,0.18,0.12,0.03,0.10,0.03,0.03,0.03,0.02,0.03,0.03
escoa003,"2,015.00",0.05,0.12,0.10,0.15,0.10,0.10,0.08,0.15,0.03,0.03,0.03,0.02,0.05,0.07,0.05,0.02
escoa003,"2,016.00",0.13,0.13,0.12,0.15,0.22,0.05,0.10,0.12,0.02,0.07,0.03,0.03,0.00,0.02,0.07,0.05
escoe001,"2,014.00",0.18,0.18,0.23,0.18,0.17,0.23,0.25,0.12,0.05,0.05,0.05,0.07,0.07,0.03,0.05,0.02
escoy001,"2,012.00",0.12,0.10,0.08,0.12,0.08,0.07,0.15,0.17,0.05,0.05,0.08,0.07,0.08,0.02,0.07,0.02
escoy001,"2,013.00",0.20,0.07,0.08,0.10,0.15,0.15,0.08,0.10,0.08,0.00,0.10,0.12,0.05,0.10,0.12,0.08
escoy001,"2,014.00",0.10,0.18,0.13,0.05,0.07,0.12,0.10,0.17,0.05,0.12,0.12,0.05,0.12,0.05,0.03,0.02
escoy001,"2,015.00",0.08,0.13,0.13,0.17,0.12,0.17,0.08,0.05,0.08,0.07,0.07,0.07,0.02,0.02,0.10,0.13
escoy001,"2,016.00",0.05,0.17,0.15,0.08,0.13,0.12,0.12,0.05,0.12,0.05,0.03,0.07,0.07,0.05,0.08,0.08
espid001,"2,012.00",0.25,0.35,0.25,0.37,0.18,0.23,0.22,0.30,0.15,0.08,0.07,0.08,0.07,0.00,0.03,0.05
espid001,"2,016.00",0.20,0.23,0.25,0.23,0.20,0.37,0.28,0.33,0.08,0.03,0.05,0.05,0.10,0.03,0.07,0.08
ethia001,"2,012.00",0.20,0.27,0.15,0.18,0.30,0.17,0.15,0.12,0.05,0.10,0.03,0.07,0.07,0.10,0.08,0.05
ethia001,"2,013.00",0.22,0.17,0.17,0.13,0.07,0.12,0.18,0.20,0.13,0.07,0.03,0.05,0.08,0.08,0.10,0.10
fielp001,"2,012.00",0.18,0.13,0.20,0.02,0.13,0.05,0.10,0.08,0.07,0.08,0.05,0.07,0.12,0.07,0.10,0.12
fielp001,"2,013.00",0.15,0.27,0.15,0.17,0.15,0.12,0.23,0.12,0.13,0.17,0.12,0.08,0.05,0.08,0.10,0.10
fielp001,"2,015.00",0.08,0.12,0.12,0.13,0.10,0.10,0.07,0.15,0.05,0.07,0.03,0.03,0.07,0.10,0.05,0.08
florw001,"2,015.00",0.17,0.13,0.07,0.10,0.17,0.08,0.20,0.05,0.03,0.05,0.00,0.05,0.03,0.03,0.05,0.02
forsl001,"2,015.00",0.13,0.13,0.13,0.17,0.15,0.23,0.15,0.20,0.13,0.05,0.07,0.10,0.07,0.10,0.10,0.07
forsl001,"2,016.00",0.25,0.18,0.22,0.18,0.23,0.18,0.20,0.17,0.12,0.10,0.05,0.03,0.05,0.08,0.07,0.17
fowld001,"2,012.00",0.25,0.22,0.22,0.30,0.23,0.22,0.13,0.27,0.12,0.12,0.18,0.12,0.08,0.08,0.10,0.13
fowld001,"2,013.00",0.23,0.18,0.30,0.15,0.13,0.27,0.12,0.23,0.12,0.13,0.07,0.17,0.08,0.12,0.18,0.13
fowld001,"2,014.00",0.27,0.18,0.10,0.17,0.20,0.20,0.23,0.27,0.05,0.12,0.22,0.15,0.13,0.15,0.07,0.12
fowld001,"2,015.00",0.20,0.22,0.17,0.32,0.13,0.25,0.15,0.23,0.08,0.08,0.17,0.07,0.08,0.08,0.20,0.17
fowld001,"2,016.00",0.22,0.18,0.22,0.20,0.22,0.18,0.22,0.27,0.18,0.15,0.10,0.12,0.05,0.15,0.18,0.10
franj004,"2,012.00",0.15,0.08,0.18,0.25,0.18,0.22,0.20,0.22,0.05,0.08,0.02,0.02,0.02,0.05,0.02,0.08
franm004,"2,016.00",0.20,0.15,0.18,0.10,0.27,0.13,0.17,0.13,0.05,0.05,0.02,0.07,0.08,0.05,0.03,0.03
frazt001,"2,013.00",0.22,0.25,0.27,0.17,0.25,0.22,0.17,0.17,0.08,0.08,0.10,0.12,0.13,0.03,0.08,0.10
frazt001,"2,014.00",0.15,0.18,0.18,0.23,0.23,0.18,0.15,0.27,0.08,0.08,0.03,0.10,0.10,0.03,0.07,0.03
frazt001,"2,015.00",0.15,0.18,0.13,0.20,0.20,0.15,0.10,0.23,0.05,0.15,0.10,0.05,0.02,0.02,0.03,0.07
frazt001,"2,016.00",0.25,0.13,0.17,0.15,0.38,0.28,0.20,0.23,0.05,0.12,0.15,0.10,0.13,0.07,0.07,0.08
freed001,"2,012.00",0.27,0.18,0.23,0.32,0.20,0.13,0.15,0.23,0.07,0.08,0.05,0.05,0.08,0.18,0.07,0.12
freed001,"2,013.00",0.22,0.22,0.17,0.20,0.20,0.15,0.20,0.25,0.12,0.07,0.10,0.08,0.07,0.13,0.05,0.10
freed001,"2,014.00",0.25,0.28,0.22,0.30,0.27,0.32,0.17,0.15,0.07,0.03,0.20,0.02,0.10,0.07,0.05,0.03
freed001,"2,015.00",0.25,0.17,0.22,0.20,0.25,0.22,0.20,0.23,0.03,0.08,0.03,0.10,0.10,0.07,0.00,0.10
freed001,"2,016.00",0.22,0.28,0.25,0.25,0.25,0.25,0.28,0.30,0.08,0.10,0.07,0.07,0.10,0.08,0.08,0.08
freef001,"2,012.00",0.30,0.18,0.13,0.32,0.20,0.08,0.12,0.13,0.05,0.03,0.17,0.00,0.05,0.07,0.20,0.12
freef001,"2,013.00",0.23,0.10,0.25,0.18,0.18,0.18,0.27,0.17,0.10,0.08,0.07,0.05,0.17,0.08,0.08,0.08
freef001,"2,014.00",0.08,0.27,0.08,0.23,0.22,0.17,0.18,0.23,0.12,0.05,0.08,0.18,0.13,0.05,0.15,0.07
freef001,"2,015.00",0.25,0.17,0.20,0.27,0.17,0.15,0.13,0.18,0.10,0.07,0.08,0.08,0.05,0.03,0.22,0.18
freef001,"2,016.00",0.25,0.22,0.27,0.25,0.23,0.27,0.27,0.23,0.10,0.05,0.08,0.07,0.07,0.05,0.12,0.05
furcr001,"2,012.00",0.13,0.10,0.07,0.13,0.12,0.07,0.05,0.15,0.05,0.13,0.08,0.07,0.03,0.15,0.12,0.08
galvf001,"2,015.00",0.08,0.10,0.22,0.20,0.20,0.27,0.20,0.15,0.07,0.05,0.08,0.00,0.08,0.02,0.03,0.05
galvf001,"2,016.00",0.15,0.22,0.25,0.20,0.22,0.13,0.27,0.17,0.03,0.03,0.03,0.02,0.07,0.02,0.03,0.05
garca003,"2,015.00",0.25,0.17,0.25,0.37,0.22,0.20,0.28,0.15,0.05,0.03,0.08,0.05,0.03,0.05,0.05,0.05
garca004,"2,016.00",0.18,0.22,0.20,0.13,0.13,0.07,0.18,0.10,0.07,0.02,0.03,0.00,0.05,0.05,0.03,0.07
gardb001,"2,013.00",0.17,0.23,0.27,0.15,0.12,0.28,0.17,0.23,0.08,0.10,0.08,0.08,0.07,0.03,0.13,0.08
gardb001,"2,014.00",0.23,0.23,0.23,0.17,0.12,0.22,0.25,0.20,0.07,0.07,0.12,0.08,0.03,0.15,0.12,0.15
gardb001,"2,015.00",0.12,0.08,0.27,0.20,0.23,0.23,0.17,0.20,0.08,0.10,0.07,0.10,0.05,0.12,0.13,0.13
gardb001,"2,016.00",0.12,0.25,0.17,0.12,0.15,0.18,0.18,0.25,0.15,0.10,0.15,0.12,0.10,0.03,0.08,0.10
gatte001,"2,015.00",0.35,0.13,0.20,0.25,0.15,0.18,0.17,0.15,0.05,0.02,0.05,0.02,0.02,0.02,0.05,0.05
gatte001,"2,016.00",0.32,0.27,0.18,0.15,0.25,0.35,0.17,0.25,0.08,0.03,0.05,0.07,0.07,0.05,0.13,0.08
genns001,"2,014.00",0.13,0.12,0.17,0.18,0.10,0.12,0.12,0.15,0.03,0.05,0.02,0.05,0.03,0.03,0.03,0.02
genns001,"2,016.00",0.17,0.32,0.18,0.22,0.13,0.18,0.10,0.28,0.13,0.05,0.05,0.10,0.03,0.08,0.02,0.05
giavj001,"2,015.00",0.13,0.08,0.18,0.15,0.12,0.05,0.10,0.12,0.08,0.07,0.07,0.08,0.05,0.08,0.03,0.03
gillc001,"2,014.00",0.22,0.07,0.15,0.10,0.17,0.15,0.13,0.18,0.08,0.07,0.10,0.02,0.08,0.07,0.05,0.03
goldp001,"2,012.00",0.30,0.23,0.20,0.25,0.15,0.25,0.20,0.22,0.08,0.07,0.12,0.10,0.07,0.08,0.03,0.17
goldp001,"2,013.00",0.28,0.23,0.15,0.18,0.18,0.22,0.13,0.25,0.10,0.13,0.12,0.10,0.08,0.08,0.12,0.13
goldp001,"2,014.00",0.20,0.18,0.18,0.28,0.25,0.22,0.22,0.23,0.07,0.05,0.03,0.07,0.13,0.20,0.22,0.12
goldp001,"2,015.00",0.22,0.23,0.15,0.15,0.13,0.15,0.25,0.17,0.12,0.13,0.10,0.13,0.13,0.10,0.12,0.17
goldp001,"2,016.00",0.25,0.17,0.30,0.17,0.18,0.22,0.22,0.10,0.15,0.22,0.18,0.17,0.13,0.07,0.02,0.13
gomec002,"2,013.00",0.17,0.20,0.28,0.15,0.25,0.23,0.35,0.27,0.00,0.10,0.02,0.02,0.03,0.03,0.07,0.15
gomec002,"2,014.00",0.23,0.30,0.23,0.22,0.15,0.18,0.17,0.32,0.07,0.08,0.10,0.07,0.05,0.05,0.05,0.02
gomec002,"2,015.00",0.18,0.23,0.23,0.18,0.27,0.18,0.20,0.18,0.02,0.05,0.05,0.05,0.18,0.05,0.03,0.05
gomey001,"2,014.00",0.25,0.23,0.17,0.27,0.25,0.22,0.20,0.20,0.07,0.03,0.07,0.07,0.02,0.05,0.02,0.00
gonza003,"2,012.00",0.20,0.13,0.20,0.23,0.15,0.13,0.08,0.08,0.05,0.12,0.08,0.00,0.07,0.05,0.00,0.05
gonza003,"2,013.00",0.10,0.12,0.17,0.08,0.18,0.13,0.10,0.15,0.08,0.07,0.05,0.08,0.07,0.03,0.10,0.03
gonza003,"2,014.00",0.20,0.20,0.12,0.12,0.25,0.08,0.20,0.15,0.08,0.05,0.10,0.08,0.10,0.03,0.05,0.05
gonza003,"2,015.00",0.07,0.20,0.17,0.22,0.07,0.15,0.13,0.25,0.08,0.08,0.12,0.07,0.05,0.05,0.08,0.08
gonza003,"2,016.00",0.18,0.25,0.18,0.13,0.27,0.05,0.25,0.13,0.08,0.12,0.07,0.10,0.05,0.13,0.03,0.03
gonzc001,"2,012.00",0.20,0.20,0.15,0.17,0.27,0.23,0.20,0.12,0.07,0.15,0.05,0.02,0.05,0.10,0.07,0.13
gonzc001,"2,015.00",0.15,0.32,0.10,0.18,0.22,0.23,0.23,0.27,0.03,0.13,0.13,0.05,0.03,0.05,0.07,0.07
gonzc001,"2,016.00",0.20,0.18,0.23,0.12,0.40,0.18,0.15,0.18,0.05,0.05,0.05,0.08,0.02,0.10,0.12,0.02
gonzm002,"2,016.00",0.28,0.25,0.18,0.20,0.17,0.25,0.20,0.30,0.07,0.03,0.03,0.08,0.00,0.02,0.03,0.02
gorda001,"2,012.00",0.28,0.12,0.18,0.22,0.07,0.17,0.13,0.22,0.12,0.10,0.07,0.12,0.17,0.10,0.10,0.07
gorda001,"2,013.00",0.15,0.28,0.18,0.17,0.18,0.18,0.28,0.15,0.03,0.05,0.03,0.12,0.08,0.08,0.15,0.03
gorda001,"2,014.00",0.12,0.17,0.12,0.13,0.23,0.22,0.23,0.20,0.07,0.07,0.08,0.13,0.13,0.07,0.07,0.05
gorda001,"2,016.00",0.37,0.27,0.25,0.23,0.27,0.30,0.23,0.28,0.12,0.08,0.05,0.13,0.12,0.12,0.08,0.08
gordd002,"2,014.00",0.15,0.13,0.17,0.12,0.12,0.17,0.23,0.20,0.07,0.02,0.08,0.10,0.08,0.08,0.03,0.02
gordd002,"2,015.00",0.08,0.15,0.13,0.18,0.20,0.15,0.15,0.10,0.03,0.07,0.03,0.00,0.00,0.00,0.05,0.05
gosea001,"2,015.00",0.37,0.20,0.17,0.23,0.25,0.30,0.23,0.22,0.05,0.07,0.05,0.03,0.08,0.10,0.10,0.12
granc001,"2,012.00",0.23,0.23,0.27,0.25,0.25,0.28,0.30,0.35,0.12,0.13,0.07,0.13,0.10,0.17,0.10,0.10
granc001,"2,014.00",0.27,0.23,0.25,0.27,0.13,0.18,0.12,0.28,0.13,0.08,0.10,0.20,0.20,0.08,0.10,0.10
granc001,"2,015.00",0.13,0.25,0.27,0.20,0.32,0.18,0.22,0.30,0.22,0.10,0.08,0.12,0.07,0.12,0.10,0.07
granc001,"2,016.00",0.22,0.18,0.32,0.25,0.15,0.18,0.15,0.25,0.12,0.08,0.07,0.08,0.07,0.17,0.08,0.08
gregd001,"2,015.00",0.18,0.20,0.10,0.15,0.13,0.12,0.12,0.17,0.05,0.07,0.07,0.03,0.07,0.02,0.03,0.07
gregd001,"2,016.00",0.15,0.12,0.07,0.10,0.12,0.18,0.17,0.23,0.02,0.03,0.05,0.05,0.02,0.02,0.02,0.03
gricr001,"2,016.00",0.27,0.18,0.23,0.23,0.42,0.33,0.28,0.37,0.15,0.05,0.07,0.03,0.07,0.02,0.03,0.05
gyorj001,"2,013.00",0.17,0.18,0.25,0.18,0.27,0.28,0.25,0.27,0.13,0.03,0.10,0.03,0.02,0.03,0.00,0.03
hamib001,"2,014.00",0.20,0.12,0.23,0.13,0.17,0.23,0.23,0.18,0.05,0.03,0.07,0.05,0.02,0.05,0.02,0.05
hamij003,"2,012.00",0.12,0.22,0.23,0.18,0.33,0.18,0.32,0.18,0.05,0.07,0.07,0.08,0.05,0.12,0.05,0.05
hamij003,"2,013.00",0.28,0.25,0.23,0.25,0.20,0.25,0.27,0.23,0.07,0.03,0.05,0.10,0.05,0.10,0.02,0.08
hardj003,"2,012.00",0.15,0.13,0.10,0.17,0.13,0.17,0.17,0.10,0.10,0.03,0.05,0.05,0.02,0.00,0.05,0.10
hardj003,"2,013.00",0.18,0.08,0.03,0.15,0.12,0.13,0.10,0.12,0.07,0.03,0.03,0.07,0.07,0.02,0.05,0.10
hardj003,"2,014.00",0.18,0.08,0.15,0.15,0.20,0.18,0.33,0.13,0.03,0.03,0.05,0.05,0.02,0.03,0.07,0.07
harpb003,"2,012.00",0.15,0.15,0.18,0.28,0.18,0.18,0.25,0.20,0.10,0.13,0.10,0.07,0.07,0.10,0.13,0.02
harpb003,"2,013.00",0.18,0.10,0.20,0.20,0.23,0.20,0.22,0.15,0.07,0.17,0.13,0.15,0.08,0.08,0.13,0.12
harpb003,"2,015.00",0.32,0.25,0.12,0.13,0.15,0.28,0.17,0.20,0.10,0.25,0.18,0.15,0.12,0.15,0.10,0.22
harpb003,"2,016.00",0.10,0.28,0.17,0.15,0.15,0.07,0.20,0.20,0.12,0.13,0.32,0.03,0.12,0.13,0.13,0.18
harrj002,"2,014.00",0.18,0.10,0.10,0.18,0.13,0.22,0.12,0.17,0.03,0.07,0.05,0.03,0.05,0.07,0.02,0.02
harrj002,"2,016.00",0.12,0.15,0.10,0.10,0.18,0.18,0.17,0.12,0.05,0.03,0.03,0.03,0.02,0.02,0.03,0.05
hartc001,"2,012.00",0.25,0.30,0.28,0.23,0.33,0.15,0.23,0.25,0.08,0.08,0.05,0.02,0.05,0.08,0.03,0.03
headc001,"2,012.00",0.20,0.25,0.23,0.17,0.23,0.20,0.28,0.23,0.18,0.17,0.13,0.10,0.12,0.07,0.07,0.17
headc001,"2,013.00",0.23,0.20,0.22,0.17,0.27,0.20,0.27,0.28,0.13,0.08,0.07,0.10,0.08,0.08,0.15,0.03
headc001,"2,014.00",0.22,0.28,0.23,0.22,0.22,0.20,0.30,0.15,0.05,0.17,0.03,0.12,0.00,0.07,0.13,0.13
headc001,"2,015.00",0.25,0.22,0.17,0.22,0.17,0.27,0.12,0.12,0.08,0.03,0.08,0.03,0.07,0.12,0.05,0.10
headc001,"2,016.00",0.20,0.15,0.28,0.18,0.28,0.30,0.25,0.13,0.17,0.05,0.08,0.07,0.12,0.07,0.08,0.05
hecha001,"2,013.00",0.13,0.15,0.13,0.15,0.18,0.15,0.20,0.15,0.07,0.05,0.08,0.02,0.02,0.05,0.07,0.05
hecha001,"2,014.00",0.10,0.23,0.15,0.13,0.18,0.13,0.08,0.13,0.03,0.08,0.05,0.00,0.02,0.03,0.05,0.03
hecha001,"2,015.00",0.13,0.23,0.10,0.13,0.20,0.17,0.17,0.10,0.03,0.02,0.03,0.05,0.03,0.03,0.03,0.05
hecha001,"2,016.00",0.15,0.08,0.13,0.10,0.10,0.12,0.10,0.23,0.07,0.02,0.02,0.03,0.03,0.05,0.03,0.15
hernc005,"2,016.00",0.20,0.10,0.20,0.27,0.17,0.15,0.22,0.18,0.03,0.08,0.08,0.02,0.03,0.05,0.20,0.10
herro001,"2,015.00",0.22,0.23,0.30,0.25,0.17,0.18,0.20,0.25,0.07,0.02,0.03,0.03,0.02,0.03,0.07,0.12
herro001,"2,016.00",0.20,0.10,0.17,0.23,0.17,0.13,0.25,0.15,0.20,0.17,0.08,0.08,0.07,0.07,0.03,0.07
heywj001,"2,012.00",0.23,0.18,0.30,0.20,0.18,0.28,0.27,0.32,0.10,0.15,0.05,0.08,0.05,0.10,0.13,0.10
heywj001,"2,014.00",0.22,0.23,0.13,0.17,0.10,0.13,0.12,0.15,0.17,0.03,0.15,0.08,0.03,0.20,0.05,0.10
heywj001,"2,015.00",0.18,0.17,0.22,0.15,0.15,0.12,0.13,0.13,0.02,0.12,0.03,0.03,0.08,0.12,0.07,0.10
heywj001,"2,016.00",0.22,0.17,0.22,0.25,0.10,0.08,0.13,0.15,0.10,0.15,0.12,0.08,0.07,0.10,0.07,0.02
hilla001,"2,012.00",0.13,0.18,0.15,0.15,0.05,0.15,0.13,0.13,0.12,0.05,0.07,0.05,0.05,0.00,0.10,0.03
hilla001,"2,014.00",0.22,0.17,0.15,0.13,0.18,0.15,0.17,0.25,0.07,0.02,0.12,0.03,0.00,0.02,0.03,0.07
hollm001,"2,012.00",0.17,0.20,0.20,0.20,0.13,0.10,0.22,0.17,0.03,0.12,0.13,0.15,0.10,0.13,0.10,0.08
hollm001,"2,013.00",0.13,0.10,0.13,0.20,0.17,0.12,0.17,0.12,0.10,0.08,0.07,0.12,0.07,0.12,0.10,0.10
hollm001,"2,014.00",0.15,0.12,0.23,0.10,0.12,0.13,0.18,0.22,0.13,0.08,0.10,0.08,0.20,0.07,0.10,0.07
holtb002,"2,014.00",0.13,0.27,0.15,0.18,0.15,0.25,0.13,0.28,0.08,0.05,0.05,0.08,0.05,0.08,0.10,0.05
holtb002,"2,015.00",0.17,0.25,0.18,0.22,0.22,0.17,0.13,0.12,0.10,0.10,0.15,0.12,0.07,0.02,0.10,0.05
hosme001,"2,012.00",0.13,0.12,0.08,0.13,0.08,0.22,0.23,0.17,0.10,0.07,0.05,0.08,0.10,0.05,0.10,0.10
hosme001,"2,013.00",0.18,0.18,0.13,0.12,0.12,0.05,0.13,0.17,0.12,0.05,0.07,0.05,0.07,0.03,0.05,0.03
hosme001,"2,014.00",0.10,0.13,0.13,0.18,0.23,0.20,0.08,0.22,0.08,0.05,0.03,0.05,0.05,0.03,0.12,0.00
hosme001,"2,015.00",0.12,0.22,0.17,0.22,0.10,0.18,0.18,0.03,0.07,0.15,0.08,0.05,0.05,0.05,0.03,0.08
hosme001,"2,016.00",0.13,0.18,0.18,0.20,0.15,0.28,0.20,0.20,0.05,0.08,0.12,0.05,0.10,0.07,0.05,0.08
howar001,"2,014.00",0.28,0.25,0.28,0.32,0.32,0.22,0.25,0.20,0.15,0.02,0.08,0.02,0.08,0.07,0.12,0.10
howar001,"2,015.00",0.30,0.20,0.32,0.25,0.28,0.23,0.22,0.28,0.05,0.05,0.02,0.05,0.07,0.00,0.08,0.03
huntt001,"2,012.00",0.25,0.22,0.22,0.23,0.15,0.25,0.23,0.17,0.10,0.05,0.10,0.05,0.03,0.07,0.00,0.05
huntt001,"2,013.00",0.15,0.12,0.17,0.15,0.20,0.13,0.23,0.18,0.00,0.10,0.03,0.08,0.02,0.03,0.03,0.00
huntt001,"2,014.00",0.12,0.17,0.17,0.18,0.03,0.17,0.17,0.18,0.03,0.02,0.05,0.02,0.03,0.05,0.08,0.03
huntt001,"2,015.00",0.15,0.23,0.15,0.10,0.15,0.18,0.20,0.33,0.05,0.07,0.10,0.08,0.03,0.05,0.07,0.07
ibanr001,"2,013.00",0.25,0.20,0.27,0.23,0.22,0.27,0.28,0.30,0.07,0.05,0.05,0.07,0.07,0.10,0.12,0.12
iglej001,"2,016.00",0.07,0.18,0.12,0.08,0.03,0.07,0.05,0.13,0.10,0.03,0.05,0.10,0.05,0.03,0.02,0.03
incie001,"2,015.00",0.05,0.13,0.15,0.12,0.10,0.13,0.08,0.03,0.02,0.05,0.03,0.03,0.02,0.02,0.12,0.10
incie001,"2,016.00",0.17,0.07,0.08,0.10,0.13,0.08,0.10,0.13,0.08,0.10,0.05,0.07,0.05,0.05,0.05,0.10
infao001,"2,012.00",0.10,0.12,0.13,0.23,0.02,0.10,0.12,0.15,0.03,0.05,0.03,0.02,0.03,0.03,0.03,0.03
infao001,"2,013.00",0.07,0.10,0.08,0.13,0.10,0.08,0.08,0.08,0.02,0.05,0.07,0.07,0.03,0.00,0.03,0.05
infao001,"2,014.00",0.10,0.05,0.12,0.15,0.15,0.07,0.10,0.10,0.07,0.08,0.03,0.07,0.05,0.03,0.02,0.03
jacka001,"2,012.00",0.28,0.10,0.18,0.25,0.30,0.22,0.22,0.22,0.13,0.08,0.12,0.17,0.07,0.12,0.13,0.07
jacka001,"2,013.00",0.08,0.22,0.25,0.15,0.30,0.25,0.25,0.13,0.08,0.10,0.07,0.20,0.03,0.10,0.05,0.08
jacka001,"2,014.00",0.20,0.10,0.17,0.23,0.25,0.28,0.17,0.20,0.08,0.17,0.07,0.07,0.08,0.05,0.05,0.08
jacka001,"2,015.00",0.18,0.22,0.20,0.23,0.17,0.30,0.30,0.25,0.07,0.05,0.03,0.07,0.05,0.07,0.05,0.03
jay-j001,"2,012.00",0.07,0.12,0.17,0.22,0.05,0.13,0.18,0.20,0.05,0.05,0.10,0.08,0.08,0.03,0.07,0.03
jay-j001,"2,013.00",0.17,0.15,0.15,0.22,0.12,0.13,0.23,0.17,0.03,0.10,0.07,0.05,0.08,0.07,0.07,0.05
jennd002,"2,012.00",0.22,0.15,0.18,0.27,0.20,0.13,0.20,0.22,0.08,0.08,0.05,0.10,0.07,0.07,0.07,0.07
jennd002,"2,013.00",0.18,0.32,0.18,0.13,0.18,0.15,0.10,0.33,0.08,0.10,0.07,0.08,0.07,0.10,0.12,0.08
jennd002,"2,014.00",0.23,0.15,0.22,0.22,0.18,0.18,0.22,0.20,0.15,0.08,0.07,0.12,0.07,0.13,0.08,0.05
jeted001,"2,012.00",0.07,0.17,0.10,0.10,0.13,0.15,0.13,0.13,0.03,0.10,0.08,0.05,0.07,0.07,0.02,0.03
jeted001,"2,014.00",0.18,0.17,0.13,0.10,0.10,0.08,0.20,0.10,0.10,0.07,0.05,0.05,0.05,0.05,0.08,0.03
johnc003,"2,012.00",0.27,0.25,0.20,0.22,0.33,0.18,0.20,0.27,0.00,0.05,0.05,0.08,0.05,0.08,0.08,0.02
johnc003,"2,013.00",0.15,0.33,0.20,0.18,0.22,0.15,0.20,0.25,0.03,0.05,0.07,0.07,0.00,0.05,0.03,0.05
johnc003,"2,014.00",0.28,0.20,0.25,0.25,0.22,0.27,0.25,0.30,0.02,0.05,0.02,0.00,0.02,0.05,0.00,0.05
johnk003,"2,012.00",0.23,0.30,0.20,0.40,0.30,0.12,0.20,0.35,0.10,0.18,0.10,0.08,0.03,0.15,0.08,0.07
jonea003,"2,012.00",0.18,0.08,0.20,0.18,0.18,0.15,0.13,0.13,0.02,0.07,0.07,0.07,0.05,0.00,0.07,0.03
jonea003,"2,013.00",0.17,0.27,0.13,0.15,0.20,0.17,0.18,0.15,0.02,0.02,0.05,0.02,0.00,0.00,0.03,0.08
jonea003,"2,014.00",0.22,0.23,0.12,0.22,0.08,0.10,0.17,0.23,0.05,0.02,0.00,0.02,0.03,0.02,0.03,0.03
jonea003,"2,015.00",0.08,0.17,0.08,0.25,0.12,0.10,0.20,0.15,0.05,0.03,0.00,0.05,0.07,0.02,0.03,0.05
jonea003,"2,016.00",0.22,0.17,0.18,0.13,0.22,0.13,0.13,0.18,0.08,0.05,0.07,0.07,0.03,0.07,0.08,0.02
joneg002,"2,012.00",0.23,0.32,0.15,0.20,0.18,0.12,0.25,0.07,0.02,0.03,0.02,0.05,0.05,0.08,0.08,0.12
joneg002,"2,014.00",0.37,0.18,0.23,0.13,0.20,0.15,0.15,0.25,0.10,0.05,0.10,0.07,0.12,0.07,0.03,0.13
joycm001,"2,012.00",0.25,0.15,0.20,0.15,0.32,0.18,0.22,0.20,0.07,0.12,0.15,0.15,0.08,0.07,0.10,0.12
joycm001,"2,013.00",0.22,0.13,0.13,0.17,0.22,0.23,0.12,0.20,0.05,0.15,0.13,0.10,0.08,0.13,0.13,0.17
joycm001,"2,014.00",0.22,0.10,0.17,0.25,0.23,0.25,0.22,0.22,0.15,0.12,0.10,0.03,0.08,0.13,0.13,0.15
kangj001,"2,015.00",0.22,0.15,0.22,0.23,0.12,0.22,0.22,0.28,0.07,0.05,0.12,0.03,0.07,0.03,0.08,0.02
kempm001,"2,014.00",0.30,0.30,0.20,0.20,0.23,0.28,0.20,0.18,0.12,0.08,0.03,0.12,0.05,0.12,0.12,0.07
kempm001,"2,015.00",0.15,0.20,0.22,0.30,0.25,0.25,0.23,0.15,0.05,0.03,0.02,0.05,0.07,0.05,0.08,0.10
kempm001,"2,016.00",0.18,0.15,0.30,0.27,0.22,0.20,0.23,0.27,0.00,0.02,0.02,0.00,0.07,0.03,0.03,0.10
kendh001,"2,012.00",0.20,0.23,0.25,0.12,0.15,0.18,0.18,0.18,0.03,0.02,0.08,0.05,0.05,0.05,0.08,0.03
kendh001,"2,013.00",0.13,0.20,0.18,0.17,0.15,0.18,0.17,0.12,0.05,0.03,0.03,0.05,0.05,0.02,0.03,0.03
kendh001,"2,014.00",0.20,0.12,0.18,0.12,0.17,0.18,0.10,0.20,0.03,0.12,0.10,0.07,0.05,0.05,0.03,0.05
kendh001,"2,015.00",0.12,0.22,0.15,0.18,0.22,0.12,0.18,0.15,0.08,0.07,0.05,0.08,0.02,0.08,0.03,0.02
kendh001,"2,016.00",0.25,0.08,0.15,0.13,0.18,0.23,0.17,0.15,0.03,0.07,0.07,0.10,0.07,0.13,0.03,0.15
kierk001,"2,015.00",0.18,0.12,0.23,0.15,0.22,0.25,0.08,0.20,0.03,0.08,0.02,0.03,0.03,0.03,0.05,0.07
kinsi001,"2,012.00",0.05,0.10,0.13,0.15,0.08,0.17,0.15,0.08,0.13,0.12,0.07,0.03,0.05,0.05,0.07,0.10
kinsi001,"2,013.00",0.10,0.05,0.12,0.05,0.07,0.10,0.12,0.08,0.10,0.07,0.03,0.12,0.12,0.07,0.07,0.10
kinsi001,"2,014.00",0.10,0.05,0.07,0.07,0.13,0.15,0.10,0.10,0.03,0.05,0.03,0.03,0.03,0.10,0.02,0.02
kinsi001,"2,015.00",0.13,0.08,0.10,0.15,0.10,0.22,0.12,0.13,0.07,0.12,0.10,0.12,0.05,0.08,0.03,0.02
kinsi001,"2,016.00",0.12,0.22,0.10,0.18,0.20,0.18,0.18,0.18,0.03,0.07,0.07,0.08,0.07,0.05,0.07,0.03
kipnj001,"2,012.00",0.18,0.15,0.12,0.13,0.15,0.17,0.13,0.15,0.05,0.13,0.07,0.05,0.05,0.10,0.17,0.07
kipnj001,"2,013.00",0.25,0.20,0.18,0.28,0.22,0.12,0.15,0.25,0.07,0.05,0.12,0.10,0.13,0.20,0.10,0.07
kipnj001,"2,014.00",0.18,0.10,0.15,0.23,0.18,0.18,0.23,0.13,0.17,0.12,0.07,0.07,0.07,0.10,0.07,0.03
kipnj001,"2,015.00",0.12,0.13,0.07,0.17,0.17,0.12,0.22,0.15,0.03,0.10,0.10,0.08,0.12,0.10,0.10,0.08
kipnj001,"2,016.00",0.28,0.25,0.15,0.15,0.15,0.15,0.25,0.13,0.08,0.05,0.08,0.07,0.10,0.07,0.08,0.05
konep001,"2,012.00",0.12,0.13,0.20,0.13,0.10,0.13,0.13,0.13,0.05,0.10,0.12,0.12,0.07,0.10,0.02,0.08
konep001,"2,013.00",0.13,0.22,0.15,0.08,0.17,0.08,0.12,0.07,0.07,0.05,0.08,0.07,0.08,0.07,0.10,0.13
kotcc001,"2,012.00",0.12,0.10,0.10,0.18,0.05,0.08,0.10,0.05,0.10,0.07,0.05,0.02,0.07,0.07,0.05,0.00
kubej002,"2,012.00",0.25,0.22,0.18,0.18,0.20,0.35,0.33,0.27,0.08,0.10,0.12,0.08,0.07,0.05,0.08,0.02
lambj001,"2,016.00",0.22,0.15,0.18,0.30,0.33,0.18,0.28,0.30,0.10,0.10,0.12,0.07,0.08,0.08,0.07,0.10
laroa001,"2,012.00",0.22,0.18,0.23,0.28,0.27,0.23,0.20,0.15,0.12,0.13,0.10,0.08,0.05,0.08,0.08,0.10
laroa001,"2,013.00",0.28,0.30,0.27,0.17,0.22,0.13,0.23,0.25,0.12,0.10,0.08,0.12,0.07,0.08,0.03,0.08
laroa001,"2,014.00",0.18,0.20,0.10,0.20,0.22,0.13,0.12,0.27,0.15,0.12,0.12,0.20,0.08,0.10,0.08,0.15
laroa001,"2,015.00",0.38,0.20,0.27,0.32,0.23,0.40,0.18,0.18,0.12,0.20,0.17,0.05,0.12,0.02,0.05,0.08
lawrb002,"2,012.00",0.18,0.13,0.22,0.08,0.10,0.15,0.07,0.22,0.03,0.07,0.02,0.07,0.10,0.00,0.07,0.07
lawrb002,"2,015.00",0.30,0.30,0.22,0.25,0.22,0.15,0.15,0.23,0.02,0.02,0.05,0.03,0.10,0.02,0.05,0.05
lee-c001,"2,012.00",0.08,0.03,0.03,0.08,0.08,0.10,0.08,0.07,0.05,0.12,0.05,0.05,0.07,0.13,0.08,0.10
lemad001,"2,014.00",0.15,0.15,0.15,0.17,0.10,0.17,0.27,0.22,0.07,0.05,0.03,0.08,0.05,0.03,0.05,0.02
lemad001,"2,015.00",0.12,0.15,0.17,0.15,0.20,0.17,0.15,0.27,0.03,0.10,0.05,0.07,0.05,0.10,0.12,0.08
lemad001,"2,016.00",0.15,0.10,0.13,0.10,0.08,0.23,0.15,0.08,0.05,0.08,0.08,0.13,0.07,0.08,0.12,0.15
linda001,"2,013.00",0.10,0.20,0.20,0.20,0.28,0.23,0.17,0.17,0.18,0.10,0.07,0.02,0.02,0.12,0.12,0.08
linda001,"2,015.00",0.15,0.17,0.35,0.13,0.08,0.10,0.20,0.10,0.12,0.12,0.07,0.05,0.10,0.15,0.03,0.10
lindf001,"2,016.00",0.22,0.12,0.12,0.07,0.13,0.13,0.10,0.15,0.08,0.07,0.08,0.07,0.08,0.05,0.12,0.02
lonej001,"2,012.00",0.12,0.13,0.12,0.07,0.15,0.07,0.12,0.07,0.12,0.05,0.03,0.05,0.00,0.00,0.03,0.07
lonej001,"2,013.00",0.12,0.07,0.13,0.13,0.13,0.13,0.17,0.12,0.10,0.05,0.08,0.08,0.02,0.07,0.03,0.07
lonej001,"2,014.00",0.05,0.08,0.18,0.10,0.17,0.17,0.08,0.10,0.10,0.08,0.03,0.05,0.08,0.02,0.12,0.05
longe001,"2,013.00",0.22,0.20,0.15,0.22,0.25,0.20,0.25,0.43,0.12,0.05,0.12,0.03,0.07,0.17,0.10,0.05
longe001,"2,014.00",0.22,0.15,0.25,0.20,0.20,0.12,0.13,0.25,0.07,0.05,0.05,0.08,0.07,0.08,0.10,0.08
longe001,"2,015.00",0.15,0.18,0.23,0.15,0.23,0.23,0.13,0.20,0.15,0.08,0.08,0.03,0.07,0.03,0.05,0.07
longe001,"2,016.00",0.17,0.27,0.27,0.22,0.25,0.13,0.20,0.22,0.03,0.03,0.08,0.07,0.08,0.03,0.03,0.08
lowrj001,"2,013.00",0.13,0.18,0.12,0.10,0.07,0.12,0.20,0.13,0.12,0.12,0.08,0.10,0.08,0.07,0.02,0.08
lowrj001,"2,014.00",0.08,0.12,0.08,0.10,0.22,0.22,0.08,0.18,0.23,0.10,0.02,0.08,0.08,0.05,0.03,0.10
lucrj001,"2,013.00",0.10,0.10,0.08,0.13,0.18,0.03,0.07,0.08,0.05,0.05,0.08,0.03,0.02,0.10,0.05,0.08
lucrj001,"2,014.00",0.13,0.08,0.10,0.10,0.10,0.08,0.17,0.12,0.10,0.05,0.13,0.08,0.05,0.12,0.10,0.05
lucrj001,"2,016.00",0.20,0.12,0.23,0.12,0.17,0.22,0.17,0.20,0.08,0.08,0.07,0.05,0.08,0.05,0.10,0.12
ludwr001,"2,012.00",0.20,0.25,0.27,0.15,0.20,0.15,0.20,0.17,0.07,0.10,0.05,0.10,0.03,0.07,0.10,0.13
machm001,"2,013.00",0.13,0.17,0.13,0.05,0.17,0.13,0.28,0.17,0.05,0.07,0.05,0.00,0.07,0.00,0.03,0.02
machm001,"2,015.00",0.20,0.18,0.13,0.23,0.08,0.12,0.08,0.12,0.10,0.12,0.07,0.03,0.12,0.05,0.20,0.03
machm001,"2,016.00",0.15,0.15,0.13,0.23,0.22,0.10,0.18,0.13,0.05,0.08,0.03,0.12,0.05,0.00,0.10,0.08
markn001,"2,013.00",0.10,0.07,0.03,0.10,0.08,0.10,0.18,0.12,0.07,0.05,0.10,0.07,0.03,0.08,0.02,0.08
markn001,"2,014.00",0.10,0.08,0.12,0.12,0.10,0.18,0.08,0.08,0.02,0.15,0.05,0.07,0.12,0.05,0.08,0.08
markn001,"2,015.00",0.12,0.18,0.12,0.10,0.10,0.12,0.18,0.08,0.15,0.08,0.08,0.12,0.10,0.10,0.05,0.03
markn001,"2,016.00",0.10,0.18,0.17,0.15,0.08,0.15,0.12,0.17,0.12,0.12,0.15,0.08,0.07,0.03,0.08,0.13
martj006,"2,014.00",0.27,0.25,0.17,0.28,0.23,0.22,0.33,0.32,0.10,0.02,0.07,0.03,0.10,0.03,0.03,0.03
martj006,"2,015.00",0.23,0.43,0.17,0.30,0.17,0.27,0.32,0.30,0.03,0.08,0.12,0.05,0.02,0.05,0.07,0.12
martj006,"2,016.00",0.17,0.22,0.30,0.32,0.15,0.20,0.23,0.23,0.12,0.07,0.10,0.07,0.07,0.08,0.08,0.10
martk001,"2,016.00",0.17,0.22,0.17,0.13,0.12,0.25,0.17,0.18,0.05,0.02,0.05,0.02,0.03,0.07,0.05,0.02
martl004,"2,013.00",0.18,0.15,0.20,0.23,0.27,0.17,0.18,0.18,0.08,0.03,0.08,0.05,0.03,0.05,0.07,0.05
martl004,"2,014.00",0.20,0.27,0.25,0.20,0.17,0.18,0.22,0.15,0.07,0.03,0.07,0.07,0.12,0.07,0.07,0.05
martl004,"2,016.00",0.37,0.25,0.13,0.22,0.35,0.23,0.22,0.23,0.05,0.12,0.12,0.05,0.10,0.08,0.03,0.08
martr004,"2,012.00",0.18,0.20,0.13,0.23,0.15,0.20,0.13,0.20,0.18,0.12,0.10,0.07,0.15,0.08,0.05,0.12
martr004,"2,013.00",0.08,0.13,0.22,0.15,0.20,0.30,0.33,0.18,0.12,0.08,0.05,0.18,0.12,0.10,0.10,0.13
martr004,"2,014.00",0.17,0.18,0.22,0.20,0.13,0.13,0.13,0.12,0.08,0.15,0.18,0.08,0.12,0.12,0.13,0.02
martr004,"2,015.00",0.23,0.22,0.22,0.12,0.23,0.15,0.17,0.30,0.17,0.08,0.07,0.08,0.10,0.08,0.10,0.08
martr004,"2,016.00",0.43,0.25,0.20,0.25,0.27,0.27,0.23,0.35,0.07,0.07,0.07,0.17,0.08,0.18,0.10,0.10
marts002,"2,013.00",0.23,0.20,0.23,0.20,0.25,0.20,0.27,0.27,0.03,0.08,0.03,0.02,0.05,0.00,0.02,0.07
marts002,"2,014.00",0.30,0.32,0.25,0.25,0.22,0.25,0.20,0.13,0.10,0.05,0.03,0.07,0.07,0.07,0.07,0.07
marts002,"2,015.00",0.32,0.22,0.23,0.17,0.18,0.25,0.15,0.12,0.02,0.08,0.03,0.08,0.02,0.03,0.00,0.05
marts002,"2,016.00",0.18,0.20,0.23,0.25,0.17,0.17,0.18,0.15,0.03,0.03,0.00,0.02,0.02,0.05,0.10,0.05
martv001,"2,013.00",0.07,0.15,0.13,0.15,0.05,0.12,0.08,0.12,0.12,0.03,0.07,0.05,0.10,0.08,0.07,0.08
martv001,"2,014.00",0.03,0.03,0.10,0.07,0.12,0.08,0.12,0.03,0.05,0.02,0.05,0.07,0.07,0.08,0.03,0.08
martv001,"2,015.00",0.12,0.05,0.12,0.08,0.18,0.12,0.10,0.10,0.07,0.07,0.03,0.03,0.05,0.02,0.05,0.07
martv001,"2,016.00",0.08,0.10,0.10,0.22,0.20,0.17,0.12,0.15,0.07,0.05,0.05,0.05,0.05,0.05,0.08,0.07
mauej001,"2,012.00",0.10,0.10,0.07,0.10,0.23,0.15,0.08,0.15,0.12,0.10,0.15,0.13,0.05,0.10,0.15,0.15
mauej001,"2,013.00",0.18,0.17,0.25,0.22,0.10,0.17,0.17,0.13,0.05,0.12,0.13,0.10,0.13,0.10,0.12,0.10
mauej001,"2,014.00",0.23,0.20,0.10,0.20,0.10,0.23,0.08,0.22,0.10,0.13,0.07,0.02,0.12,0.07,0.10,0.13
mauej001,"2,015.00",0.13,0.17,0.22,0.08,0.17,0.17,0.12,0.20,0.07,0.10,0.02,0.03,0.12,0.05,0.05,0.08
mauej001,"2,016.00",0.07,0.08,0.27,0.18,0.15,0.23,0.10,0.12,0.10,0.17,0.08,0.12,0.05,0.15,0.10,0.12
maybc001,"2,012.00",0.33,0.10,0.20,0.12,0.25,0.20,0.22,0.12,0.07,0.20,0.07,0.03,0.07,0.05,0.12,0.05
maybc001,"2,015.00",0.25,0.15,0.17,0.13,0.15,0.22,0.07,0.18,0.15,0.08,0.05,0.08,0.08,0.05,0.03,0.10
maybj001,"2,012.00",0.32,0.22,0.23,0.33,0.15,0.15,0.13,0.23,0.02,0.07,0.05,0.03,0.08,0.03,0.15,0.08
mazan001,"2,016.00",0.15,0.18,0.17,0.15,0.15,0.10,0.23,0.23,0.10,0.05,0.05,0.08,0.03,0.03,0.08,0.08
mccab002,"2,012.00",0.08,0.13,0.05,0.22,0.18,0.13,0.20,0.15,0.08,0.08,0.08,0.07,0.03,0.10,0.08,0.03
mccab002,"2,014.00",0.13,0.08,0.17,0.12,0.18,0.17,0.10,0.18,0.03,0.02,0.08,0.07,0.10,0.03,0.08,0.02
mccab002,"2,015.00",0.22,0.10,0.20,0.20,0.22,0.17,0.22,0.08,0.02,0.05,0.12,0.10,0.10,0.05,0.07,0.22
mccab002,"2,016.00",0.27,0.22,0.13,0.17,0.17,0.25,0.20,0.15,0.13,0.08,0.10,0.10,0.10,0.12,0.12,0.05
mccua001,"2,012.00",0.12,0.20,0.22,0.23,0.17,0.13,0.20,0.15,0.07,0.08,0.05,0.08,0.03,0.03,0.12,0.10
mccua001,"2,013.00",0.13,0.13,0.03,0.20,0.17,0.15,0.17,0.17,0.07,0.05,0.08,0.05,0.10,0.08,0.10,0.08
mccua001,"2,014.00",0.18,0.10,0.22,0.13,0.13,0.27,0.17,0.18,0.18,0.15,0.15,0.17,0.12,0.07,0.03,0.10
mccua001,"2,015.00",0.15,0.13,0.15,0.08,0.18,0.18,0.23,0.23,0.10,0.08,0.08,0.10,0.05,0.18,0.15,0.12
mccua001,"2,016.00",0.17,0.27,0.25,0.20,0.30,0.22,0.27,0.20,0.12,0.10,0.07,0.05,0.10,0.00,0.07,0.15
mcgec001,"2,014.00",0.20,0.13,0.18,0.10,0.10,0.13,0.05,0.13,0.12,0.08,0.08,0.07,0.07,0.13,0.08,0.08
mclon001,"2,013.00",0.10,0.08,0.13,0.10,0.13,0.18,0.12,0.28,0.12,0.13,0.07,0.08,0.10,0.03,0.05,0.08
mercj002,"2,014.00",0.20,0.10,0.20,0.22,0.15,0.17,0.15,0.08,0.02,0.03,0.02,0.02,0.03,0.05,0.07,0.08
mercj002,"2,016.00",0.15,0.08,0.13,0.12,0.18,0.17,0.10,0.12,0.07,0.10,0.08,0.10,0.05,0.12,0.02,0.10
millb002,"2,015.00",0.22,0.17,0.25,0.22,0.17,0.18,0.25,0.15,0.05,0.12,0.15,0.10,0.07,0.12,0.10,0.05
millb002,"2,016.00",0.32,0.17,0.22,0.13,0.22,0.15,0.25,0.32,0.07,0.10,0.07,0.03,0.05,0.07,0.08,0.12
moliy001,"2,012.00",0.13,0.03,0.12,0.12,0.08,0.13,0.08,0.07,0.08,0.05,0.03,0.10,0.03,0.03,0.05,0.08
moliy001,"2,013.00",0.08,0.12,0.10,0.08,0.08,0.08,0.08,0.17,0.03,0.05,0.05,0.07,0.08,0.05,0.02,0.02
moliy001,"2,015.00",0.18,0.05,0.12,0.15,0.10,0.12,0.10,0.02,0.05,0.07,0.05,0.07,0.03,0.02,0.07,0.05
moliy001,"2,016.00",0.15,0.07,0.08,0.12,0.15,0.07,0.08,0.12,0.05,0.15,0.10,0.07,0.03,0.08,0.05,0.02
montj003,"2,012.00",0.18,0.22,0.27,0.15,0.30,0.13,0.08,0.10,0.03,0.02,0.10,0.05,0.03,0.05,0.03,0.02
montm001,"2,012.00",0.22,0.30,0.17,0.25,0.27,0.17,0.17,0.23,0.12,0.07,0.12,0.13,0.15,0.08,0.17,0.07
montm001,"2,013.00",0.23,0.13,0.18,0.27,0.20,0.27,0.27,0.25,0.15,0.05,0.08,0.08,0.12,0.10,0.07,0.12
montm001,"2,014.00",0.08,0.08,0.23,0.17,0.25,0.23,0.17,0.17,0.05,0.15,0.07,0.10,0.05,0.05,0.07,0.12
morak001,"2,012.00",0.18,0.20,0.25,0.28,0.18,0.25,0.17,0.20,0.03,0.07,0.07,0.05,0.07,0.05,0.03,0.10
morak001,"2,013.00",0.13,0.13,0.20,0.18,0.20,0.18,0.17,0.08,0.12,0.08,0.07,0.02,0.00,0.10,0.07,0.03
morak001,"2,015.00",0.15,0.17,0.12,0.13,0.13,0.20,0.13,0.13,0.07,0.02,0.08,0.10,0.07,0.07,0.02,0.10
morak001,"2,016.00",0.20,0.22,0.18,0.22,0.12,0.28,0.23,0.13,0.07,0.03,0.05,0.13,0.07,0.08,0.08,0.12
morem001,"2,013.00",0.17,0.17,0.22,0.33,0.18,0.20,0.12,0.37,0.08,0.05,0.07,0.05,0.07,0.08,0.12,0.13
morem001,"2,015.00",0.17,0.15,0.28,0.27,0.23,0.22,0.15,0.22,0.08,0.05,0.07,0.03,0.02,0.12,0.05,0.02
morem001,"2,016.00",0.32,0.22,0.25,0.23,0.18,0.17,0.22,0.23,0.07,0.07,0.07,0.07,0.03,0.03,0.12,0.03
mornj001,"2,012.00",0.23,0.17,0.20,0.18,0.15,0.08,0.12,0.23,0.08,0.05,0.07,0.10,0.02,0.05,0.08,0.00
mornj001,"2,013.00",0.12,0.13,0.15,0.22,0.17,0.20,0.22,0.20,0.08,0.05,0.03,0.12,0.03,0.08,0.08,0.03
mornj001,"2,014.00",0.12,0.12,0.08,0.13,0.10,0.08,0.12,0.07,0.05,0.02,0.07,0.05,0.03,0.03,0.07,0.10
morrl001,"2,015.00",0.10,0.13,0.15,0.15,0.23,0.12,0.20,0.18,0.07,0.05,0.13,0.05,0.08,0.03,0.12,0.08
morsm001,"2,014.00",0.20,0.27,0.27,0.25,0.18,0.27,0.32,0.22,0.08,0.03,0.10,0.03,0.05,0.05,0.05,0.12
mossb001,"2,013.00",0.23,0.32,0.32,0.32,0.32,0.15,0.22,0.32,0.10,0.15,0.07,0.05,0.08,0.08,0.05,0.15
mossb001,"2,014.00",0.20,0.15,0.18,0.28,0.35,0.18,0.27,0.35,0.05,0.10,0.08,0.10,0.13,0.03,0.05,0.10
mossb001,"2,015.00",0.35,0.17,0.23,0.28,0.28,0.27,0.32,0.20,0.12,0.03,0.10,0.10,0.08,0.05,0.05,0.12
mousm001,"2,012.00",0.22,0.12,0.18,0.23,0.18,0.20,0.15,0.23,0.05,0.07,0.07,0.12,0.03,0.00,0.03,0.08
mousm001,"2,013.00",0.13,0.12,0.15,0.15,0.07,0.22,0.17,0.20,0.08,0.12,0.02,0.03,0.07,0.07,0.07,0.03
mousm001,"2,014.00",0.13,0.23,0.13,0.08,0.18,0.13,0.08,0.17,0.10,0.07,0.07,0.08,0.08,0.05,0.05,0.02
mousm001,"2,015.00",0.08,0.10,0.07,0.18,0.12,0.07,0.15,0.08,0.07,0.00,0.07,0.05,0.08,0.08,0.05,0.13
murpd005,"2,012.00",0.20,0.25,0.13,0.13,0.07,0.10,0.10,0.13,0.05,0.07,0.18,0.15,0.08,0.03,0.08,0.08
murpd005,"2,013.00",0.15,0.18,0.08,0.10,0.07,0.10,0.12,0.18,0.05,0.07,0.05,0.07,0.10,0.07,0.10,0.05
murpd006,"2,012.00",0.10,0.13,0.12,0.13,0.10,0.13,0.12,0.13,0.12,0.02,0.05,0.08,0.02,0.02,0.05,0.07
murpd006,"2,013.00",0.12,0.13,0.20,0.10,0.10,0.15,0.10,0.12,0.07,0.03,0.03,0.03,0.08,0.02,0.02,0.07
murpd006,"2,014.00",0.15,0.12,0.05,0.10,0.12,0.13,0.18,0.15,0.03,0.07,0.10,0.07,0.10,0.07,0.03,0.03
murpd006,"2,015.00",0.07,0.07,0.10,0.03,0.08,0.10,0.07,0.03,0.07,0.02,0.05,0.05,0.02,0.03,0.02,0.05
murpd006,"2,016.00",0.13,0.10,0.08,0.08,0.08,0.10,0.08,0.13,0.10,0.02,0.00,0.03,0.05,0.00,0.03,0.07
myerw001,"2,016.00",0.35,0.17,0.23,0.12,0.12,0.15,0.28,0.20,0.03,0.08,0.00,0.08,0.12,0.23,0.12,0.17
napom001,"2,013.00",0.30,0.37,0.27,0.37,0.32,0.28,0.38,0.35,0.02,0.08,0.07,0.18,0.10,0.12,0.08,0.13
napom001,"2,014.00",0.30,0.18,0.27,0.20,0.35,0.25,0.25,0.30,0.10,0.18,0.20,0.08,0.20,0.13,0.17,0.10
napom001,"2,015.00",0.20,0.22,0.25,0.33,0.25,0.23,0.30,0.18,0.17,0.12,0.08,0.08,0.15,0.08,0.08,0.13
napom001,"2,016.00",0.33,0.35,0.38,0.33,0.27,0.28,0.25,0.25,0.07,0.08,0.10,0.10,0.07,0.15,0.15,0.12
navad001,"2,014.00",0.03,0.12,0.20,0.20,0.17,0.05,0.10,0.13,0.05,0.05,0.08,0.07,0.03,0.05,0.05,0.07
navad002,"2,013.00",0.13,0.22,0.13,0.18,0.18,0.20,0.12,0.18,0.10,0.08,0.18,0.07,0.10,0.02,0.07,0.15
norrd001,"2,015.00",0.15,0.15,0.25,0.23,0.33,0.27,0.20,0.25,0.03,0.02,0.07,0.10,0.07,0.02,0.07,0.00
norrd001,"2,016.00",0.23,0.28,0.22,0.20,0.33,0.35,0.37,0.32,0.05,0.03,0.10,0.02,0.08,0.07,0.08,0.08
nunee002,"2,016.00",0.13,0.20,0.17,0.05,0.08,0.08,0.28,0.17,0.03,0.05,0.00,0.05,0.03,0.03,0.07,0.08
odorr001,"2,015.00",0.18,0.23,0.10,0.12,0.17,0.15,0.17,0.20,0.08,0.03,0.08,0.03,0.02,0.02,0.05,0.03
odorr001,"2,016.00",0.17,0.17,0.12,0.28,0.22,0.23,0.25,0.20,0.05,0.03,0.00,0.02,0.02,0.02,0.02,0.03
orlap001,"2,016.00",0.23,0.20,0.20,0.18,0.15,0.22,0.20,0.25,0.02,0.00,0.05,0.00,0.03,0.03,0.03,0.02
ortid001,"2,013.00",0.13,0.08,0.13,0.13,0.15,0.10,0.18,0.12,0.05,0.07,0.13,0.10,0.07,0.08,0.07,0.10
ortid001,"2,014.00",0.15,0.17,0.17,0.15,0.13,0.18,0.05,0.20,0.05,0.13,0.05,0.10,0.08,0.10,0.10,0.03
ortid001,"2,015.00",0.20,0.13,0.17,0.10,0.15,0.17,0.13,0.07,0.15,0.05,0.07,0.05,0.13,0.13,0.10,0.05
ortid001,"2,016.00",0.15,0.20,0.10,0.10,0.12,0.07,0.12,0.17,0.17,0.05,0.07,0.10,0.10,0.15,0.08,0.13
overl001,"2,013.00",0.18,0.12,0.22,0.30,0.23,0.22,0.23,0.27,0.03,0.07,0.05,0.08,0.08,0.08,0.07,0.08
owinc001,"2,015.00",0.33,0.18,0.18,0.27,0.33,0.20,0.25,0.25,0.03,0.02,0.00,0.03,0.07,0.05,0.03,0.03
ozunm001,"2,014.00",0.20,0.18,0.33,0.30,0.32,0.25,0.32,0.33,0.05,0.10,0.05,0.05,0.08,0.07,0.05,0.12
ozunm001,"2,015.00",0.30,0.22,0.12,0.10,0.28,0.28,0.23,0.23,0.12,0.07,0.07,0.03,0.03,0.03,0.05,0.05
ozunm001,"2,016.00",0.25,0.20,0.18,0.20,0.15,0.23,0.15,0.12,0.02,0.12,0.05,0.08,0.08,0.07,0.07,0.08
pachj001,"2,012.00",0.08,0.12,0.17,0.08,0.05,0.15,0.12,0.13,0.03,0.00,0.03,0.08,0.02,0.05,0.08,0.03
pagaa001,"2,012.00",0.05,0.15,0.08,0.23,0.18,0.13,0.23,0.12,0.05,0.00,0.12,0.02,0.08,0.08,0.05,0.13
pagaa001,"2,015.00",0.08,0.18,0.17,0.12,0.17,0.13,0.25,0.20,0.08,0.00,0.03,0.03,0.10,0.05,0.03,0.05
pagaa001,"2,016.00",0.18,0.07,0.15,0.17,0.13,0.13,0.08,0.05,0.08,0.08,0.02,0.05,0.07,0.15,0.07,0.07
panij002,"2,016.00",0.08,0.15,0.12,0.08,0.07,0.07,0.07,0.07,0.07,0.10,0.10,0.05,0.05,0.08,0.15,0.07
parrg001,"2,013.00",0.17,0.12,0.12,0.22,0.12,0.22,0.17,0.13,0.08,0.08,0.08,0.08,0.13,0.02,0.02,0.12
parrg001,"2,014.00",0.15,0.17,0.10,0.18,0.18,0.15,0.18,0.17,0.05,0.07,0.03,0.03,0.13,0.00,0.02,0.05
parrg001,"2,015.00",0.25,0.17,0.20,0.08,0.10,0.15,0.15,0.12,0.02,0.07,0.03,0.03,0.07,0.08,0.05,0.02
pedej001,"2,015.00",0.33,0.33,0.23,0.28,0.23,0.32,0.30,0.30,0.17,0.22,0.07,0.10,0.23,0.10,0.03,0.28
pedej001,"2,016.00",0.35,0.27,0.22,0.20,0.23,0.20,0.35,0.32,0.08,0.20,0.07,0.03,0.17,0.15,0.13,0.15
pedrd001,"2,012.00",0.12,0.10,0.07,0.20,0.10,0.08,0.07,0.07,0.08,0.03,0.13,0.05,0.05,0.08,0.03,0.08
pedrd001,"2,013.00",0.15,0.12,0.10,0.12,0.07,0.13,0.08,0.07,0.13,0.13,0.08,0.13,0.07,0.08,0.12,0.05
pedrd001,"2,014.00",0.12,0.07,0.13,0.15,0.13,0.12,0.12,0.08,0.02,0.13,0.13,0.12,0.08,0.08,0.07,0.08
pedrd001,"2,016.00",0.17,0.12,0.17,0.08,0.08,0.12,0.07,0.10,0.07,0.07,0.07,0.13,0.08,0.13,0.10,0.13
penac001,"2,012.00",0.22,0.25,0.35,0.25,0.25,0.33,0.35,0.27,0.13,0.17,0.12,0.13,0.27,0.05,0.08,0.07
pench001,"2,012.00",0.18,0.22,0.17,0.15,0.10,0.17,0.27,0.20,0.05,0.02,0.10,0.17,0.05,0.12,0.05,0.07
pench001,"2,013.00",0.25,0.20,0.10,0.10,0.12,0.18,0.20,0.08,0.05,0.07,0.03,0.08,0.07,0.05,0.03,0.07
pench001,"2,014.00",0.17,0.08,0.15,0.12,0.25,0.18,0.17,0.18,0.08,0.12,0.08,0.08,0.07,0.05,0.02,0.03
pennc001,"2,012.00",0.17,0.10,0.23,0.18,0.18,0.20,0.18,0.22,0.07,0.02,0.10,0.05,0.12,0.08,0.03,0.12
perad001,"2,015.00",0.17,0.20,0.15,0.25,0.13,0.33,0.12,0.17,0.10,0.03,0.10,0.08,0.13,0.03,0.07,0.03
peraj001,"2,012.00",0.18,0.20,0.13,0.13,0.17,0.17,0.18,0.18,0.05,0.12,0.13,0.10,0.03,0.08,0.07,0.03
peraj001,"2,014.00",0.18,0.13,0.20,0.22,0.18,0.17,0.13,0.13,0.10,0.12,0.08,0.05,0.08,0.08,0.10,0.07
peraj001,"2,015.00",0.18,0.15,0.18,0.18,0.18,0.15,0.15,0.18,0.05,0.08,0.12,0.07,0.05,0.07,0.03,0.05
peres002,"2,013.00",0.17,0.18,0.07,0.08,0.08,0.13,0.08,0.07,0.02,0.03,0.03,0.02,0.03,0.07,0.03,0.05
peres002,"2,014.00",0.13,0.12,0.05,0.15,0.12,0.10,0.13,0.17,0.12,0.03,0.05,0.05,0.03,0.00,0.00,0.03
peres002,"2,015.00",0.07,0.15,0.18,0.13,0.17,0.17,0.18,0.10,0.02,0.00,0.02,0.02,0.02,0.03,0.02,0.02
peres002,"2,016.00",0.18,0.28,0.17,0.27,0.28,0.20,0.20,0.13,0.05,0.05,0.05,0.00,0.02,0.07,0.00,0.03
petej002,"2,015.00",0.22,0.12,0.15,0.17,0.22,0.27,0.20,0.23,0.08,0.08,0.10,0.12,0.10,0.07,0.07,0.08
philb001,"2,012.00",0.12,0.17,0.10,0.08,0.07,0.13,0.05,0.13,0.07,0.03,0.10,0.03,0.00,0.02,0.05,0.07
philb001,"2,013.00",0.13,0.13,0.18,0.12,0.08,0.22,0.08,0.13,0.02,0.12,0.03,0.07,0.02,0.07,0.03,0.02
philb001,"2,014.00",0.23,0.18,0.17,0.20,0.05,0.17,0.13,0.05,0.03,0.02,0.07,0.02,0.05,0.05,0.07,0.05
philb001,"2,015.00",0.10,0.10,0.13,0.12,0.07,0.10,0.15,0.05,0.02,0.07,0.03,0.07,0.03,0.03,0.02,0.07
philb001,"2,016.00",0.10,0.15,0.15,0.15,0.08,0.13,0.10,0.05,0.03,0.00,0.05,0.03,0.03,0.02,0.02,0.07
piera001,"2,012.00",0.05,0.13,0.10,0.17,0.17,0.20,0.05,0.25,0.05,0.05,0.05,0.05,0.03,0.02,0.02,0.05
piera001,"2,013.00",0.15,0.18,0.13,0.08,0.13,0.13,0.17,0.12,0.02,0.05,0.02,0.03,0.00,0.00,0.02,0.02
pillk001,"2,015.00",0.13,0.12,0.23,0.18,0.13,0.13,0.07,0.07,0.02,0.05,0.05,0.08,0.02,0.05,0.03,0.03
pillk001,"2,016.00",0.15,0.12,0.15,0.15,0.20,0.22,0.05,0.22,0.02,0.03,0.02,0.02,0.05,0.03,0.05,0.02
piscs001,"2,016.00",0.18,0.28,0.07,0.12,0.17,0.20,0.23,0.22,0.13,0.03,0.05,0.13,0.13,0.05,0.05,0.05
plout001,"2,013.00",0.17,0.17,0.17,0.15,0.38,0.18,0.27,0.22,0.07,0.08,0.07,0.07,0.03,0.10,0.03,0.03
plout001,"2,014.00",0.15,0.23,0.32,0.18,0.15,0.20,0.17,0.12,0.15,0.12,0.05,0.07,0.07,0.07,0.10,0.02
plout001,"2,015.00",0.18,0.23,0.18,0.23,0.10,0.12,0.18,0.15,0.10,0.13,0.10,0.02,0.07,0.07,0.05,0.05
polag001,"2,015.00",0.32,0.17,0.17,0.12,0.23,0.10,0.20,0.12,0.03,0.05,0.13,0.05,0.12,0.12,0.08,0.07
polag001,"2,016.00",0.12,0.13,0.25,0.22,0.20,0.28,0.13,0.22,0.22,0.03,0.10,0.05,0.12,0.05,0.05,0.02
polla001,"2,013.00",0.22,0.18,0.20,0.20,0.13,0.17,0.15,0.12,0.02,0.07,0.02,0.05,0.10,0.07,0.08,0.13
polla001,"2,015.00",0.12,0.18,0.17,0.12,0.25,0.08,0.10,0.05,0.08,0.07,0.02,0.10,0.03,0.07,0.13,0.13
poseb001,"2,012.00",0.17,0.27,0.08,0.13,0.12,0.13,0.13,0.17,0.08,0.07,0.10,0.08,0.13,0.12,0.08,0.18
poseb001,"2,013.00",0.17,0.07,0.17,0.08,0.07,0.12,0.13,0.08,0.10,0.13,0.08,0.03,0.08,0.08,0.05,0.08
poseb001,"2,014.00",0.13,0.12,0.08,0.17,0.07,0.10,0.08,0.17,0.08,0.07,0.12,0.00,0.03,0.07,0.12,0.08
poseb001,"2,015.00",0.08,0.12,0.07,0.08,0.07,0.10,0.03,0.13,0.10,0.07,0.10,0.10,0.12,0.03,0.05,0.03
poseb001,"2,016.00",0.10,0.12,0.12,0.12,0.12,0.07,0.08,0.13,0.08,0.08,0.05,0.05,0.08,0.12,0.12,0.12
pradm001,"2,012.00",0.12,0.10,0.08,0.12,0.07,0.08,0.10,0.10,0.08,0.10,0.10,0.10,0.02,0.10,0.03,0.08
pradm001,"2,013.00",0.10,0.08,0.17,0.03,0.12,0.03,0.10,0.02,0.07,0.07,0.03,0.03,0.08,0.07,0.07,0.12
pradm001,"2,014.00",0.12,0.20,0.12,0.13,0.10,0.13,0.10,0.13,0.03,0.03,0.07,0.07,0.03,0.05,0.05,0.08
pradm001,"2,015.00",0.15,0.13,0.12,0.10,0.05,0.15,0.13,0.10,0.05,0.03,0.03,0.02,0.07,0.05,0.05,0.07
pradm001,"2,016.00",0.10,0.05,0.12,0.17,0.15,0.07,0.10,0.07,0.07,0.02,0.07,0.05,0.10,0.02,0.12,0.12
puigy001,"2,014.00",0.17,0.18,0.17,0.18,0.22,0.18,0.13,0.13,0.10,0.08,0.12,0.08,0.12,0.07,0.08,0.10
pujoa001,"2,012.00",0.10,0.15,0.10,0.12,0.08,0.08,0.07,0.17,0.03,0.03,0.05,0.12,0.07,0.07,0.10,0.02
pujoa001,"2,014.00",0.07,0.08,0.13,0.18,0.10,0.03,0.05,0.10,0.05,0.07,0.02,0.05,0.03,0.05,0.03,0.05
pujoa001,"2,015.00",0.13,0.08,0.15,0.05,0.03,0.12,0.15,0.22,0.10,0.03,0.02,0.05,0.08,0.10,0.03,0.03
pujoa001,"2,016.00",0.15,0.05,0.12,0.17,0.10,0.07,0.13,0.12,0.08,0.08,0.10,0.10,0.07,0.10,0.10,0.02
ramia001,"2,012.00",0.18,0.12,0.12,0.10,0.13,0.05,0.12,0.12,0.08,0.03,0.15,0.05,0.08,0.07,0.03,0.02
ramia001,"2,014.00",0.12,0.12,0.15,0.17,0.13,0.15,0.15,0.15,0.03,0.07,0.00,0.05,0.03,0.02,0.05,0.03
ramia001,"2,015.00",0.18,0.13,0.15,0.10,0.12,0.10,0.10,0.10,0.00,0.05,0.07,0.02,0.08,0.02,0.07,0.08
ramia003,"2,012.00",0.17,0.12,0.15,0.20,0.05,0.08,0.12,0.12,0.03,0.02,0.03,0.00,0.03,0.02,0.00,0.00
ramia003,"2,013.00",0.08,0.22,0.08,0.12,0.15,0.08,0.07,0.05,0.05,0.02,0.05,0.02,0.00,0.02,0.03,0.03
ramia003,"2,014.00",0.07,0.12,0.18,0.08,0.18,0.13,0.15,0.03,0.08,0.00,0.05,0.05,0.03,0.02,0.07,0.03
ramia003,"2,015.00",0.17,0.12,0.07,0.13,0.10,0.07,0.12,0.08,0.07,0.00,0.00,0.03,0.05,0.07,0.02,0.03
ramia003,"2,016.00",0.13,0.12,0.15,0.12,0.12,0.12,0.13,0.12,0.07,0.00,0.02,0.03,0.03,0.02,0.03,0.05
ramih003,"2,012.00",0.18,0.20,0.13,0.15,0.17,0.13,0.18,0.18,0.12,0.10,0.03,0.05,0.13,0.08,0.08,0.08
ramih003,"2,014.00",0.18,0.13,0.15,0.17,0.15,0.07,0.20,0.22,0.13,0.07,0.08,0.07,0.18,0.13,0.07,0.05
ramih003,"2,016.00",0.23,0.22,0.22,0.15,0.15,0.15,0.23,0.20,0.02,0.07,0.07,0.10,0.10,0.17,0.05,0.07
ramij003,"2,016.00",0.08,0.07,0.12,0.20,0.07,0.08,0.12,0.13,0.02,0.13,0.12,0.05,0.05,0.08,0.05,0.05
ramow001,"2,015.00",0.13,0.17,0.17,0.25,0.20,0.22,0.17,0.25,0.02,0.05,0.03,0.03,0.05,0.05,0.03,0.05
ramow001,"2,016.00",0.12,0.15,0.08,0.15,0.13,0.12,0.13,0.22,0.02,0.08,0.08,0.05,0.13,0.07,0.03,0.05
rasmc001,"2,012.00",0.18,0.28,0.10,0.18,0.17,0.18,0.22,0.27,0.05,0.05,0.10,0.03,0.07,0.08,0.08,0.02
rasmc001,"2,015.00",0.38,0.35,0.25,0.37,0.25,0.28,0.32,0.25,0.08,0.10,0.10,0.07,0.08,0.10,0.05,0.17
realj001,"2,015.00",0.13,0.13,0.13,0.15,0.18,0.13,0.20,0.10,0.02,0.07,0.00,0.07,0.02,0.05,0.03,0.03
realj001,"2,016.00",0.15,0.15,0.17,0.20,0.17,0.17,0.18,0.22,0.02,0.00,0.07,0.05,0.08,0.05,0.12,0.03
reddj001,"2,012.00",0.18,0.13,0.23,0.18,0.37,0.18,0.18,0.30,0.00,0.05,0.12,0.13,0.08,0.15,0.07,0.02
reddj001,"2,015.00",0.07,0.10,0.13,0.08,0.05,0.18,0.07,0.07,0.10,0.13,0.05,0.12,0.00,0.05,0.03,0.08
renda001,"2,014.00",0.15,0.15,0.17,0.12,0.20,0.15,0.12,0.17,0.05,0.05,0.02,0.17,0.08,0.07,0.07,0.07
renda001,"2,016.00",0.15,0.10,0.23,0.20,0.25,0.20,0.17,0.12,0.08,0.08,0.15,0.15,0.07,0.17,0.03,0.12
reveb001,"2,012.00",0.08,0.03,0.07,0.10,0.10,0.08,0.10,0.12,0.05,0.02,0.02,0.08,0.07,0.02,0.07,0.07
reveb001,"2,014.00",0.15,0.10,0.05,0.08,0.07,0.05,0.07,0.10,0.03,0.00,0.02,0.03,0.03,0.03,0.00,0.00
reveb001,"2,015.00",0.13,0.10,0.02,0.18,0.07,0.05,0.05,0.18,0.03,0.05,0.08,0.05,0.03,0.07,0.02,0.08
reyej001,"2,012.00",0.13,0.03,0.03,0.08,0.12,0.15,0.05,0.08,0.07,0.13,0.08,0.10,0.07,0.07,0.05,0.03
reyej001,"2,014.00",0.15,0.07,0.10,0.10,0.12,0.12,0.10,0.12,0.05,0.13,0.08,0.05,0.07,0.03,0.05,0.07
reyej001,"2,015.00",0.12,0.22,0.08,0.12,0.05,0.13,0.10,0.08,0.03,0.03,0.07,0.05,0.07,0.07,0.00,0.08
reynm001,"2,012.00",0.38,0.23,0.27,0.32,0.35,0.25,0.22,0.33,0.13,0.18,0.15,0.08,0.08,0.13,0.20,0.12
reynm001,"2,013.00",0.22,0.23,0.32,0.32,0.42,0.37,0.30,0.30,0.10,0.12,0.12,0.07,0.13,0.08,0.13,0.07
riosa002,"2,012.00",0.10,0.10,0.13,0.13,0.15,0.13,0.08,0.18,0.07,0.02,0.07,0.02,0.02,0.05,0.03,0.00
riosa002,"2,013.00",0.13,0.15,0.17,0.15,0.18,0.17,0.17,0.17,0.08,0.12,0.05,0.05,0.05,0.05,0.05,0.03
riosa002,"2,014.00",0.12,0.15,0.23,0.10,0.20,0.23,0.18,0.18,0.05,0.03,0.05,0.00,0.07,0.03,0.03,0.02
rizza001,"2,013.00",0.27,0.20,0.10,0.18,0.12,0.15,0.22,0.20,0.12,0.07,0.05,0.05,0.17,0.07,0.12,0.18
rizza001,"2,014.00",0.13,0.17,0.13,0.22,0.25,0.12,0.23,0.13,0.07,0.23,0.12,0.15,0.10,0.05,0.05,0.07
rizza001,"2,015.00",0.12,0.12,0.05,0.13,0.18,0.10,0.15,0.15,0.12,0.12,0.08,0.12,0.07,0.10,0.13,0.03
rizza001,"2,016.00",0.17,0.08,0.12,0.10,0.18,0.20,0.25,0.18,0.12,0.17,0.08,0.13,0.08,0.08,0.05,0.13
rober002,"2,012.00",0.20,0.12,0.20,0.12,0.18,0.20,0.25,0.20,0.10,0.08,0.05,0.02,0.15,0.12,0.05,0.08
rodra001,"2,012.00",0.13,0.20,0.20,0.27,0.20,0.28,0.13,0.30,0.10,0.15,0.08,0.05,0.12,0.08,0.02,0.07
rodra001,"2,015.00",0.27,0.17,0.23,0.13,0.18,0.23,0.22,0.20,0.17,0.08,0.07,0.15,0.12,0.15,0.10,0.17
rollj001,"2,012.00",0.20,0.15,0.10,0.13,0.10,0.13,0.18,0.07,0.03,0.07,0.12,0.03,0.05,0.12,0.07,0.10
rollj001,"2,013.00",0.18,0.17,0.13,0.12,0.12,0.07,0.12,0.20,0.07,0.07,0.03,0.10,0.12,0.10,0.00,0.05
rollj001,"2,014.00",0.13,0.13,0.22,0.12,0.20,0.13,0.07,0.12,0.10,0.08,0.17,0.15,0.07,0.05,0.08,0.07
rollj001,"2,015.00",0.20,0.18,0.10,0.15,0.15,0.08,0.10,0.20,0.12,0.08,0.08,0.03,0.02,0.08,0.08,0.03
rosae001,"2,015.00",0.28,0.22,0.18,0.23,0.27,0.28,0.27,0.20,0.03,0.05,0.03,0.02,0.02,0.02,0.02,0.02
rosaw001,"2,013.00",0.25,0.17,0.20,0.27,0.20,0.35,0.13,0.25,0.03,0.05,0.03,0.07,0.05,0.02,0.00,0.00
rossc001,"2,012.00",0.32,0.27,0.13,0.25,0.22,0.18,0.23,0.27,0.08,0.07,0.10,0.13,0.05,0.05,0.07,0.07
ruggj001,"2,013.00",0.17,0.33,0.23,0.23,0.20,0.22,0.27,0.22,0.07,0.10,0.10,0.03,0.10,0.12,0.05,0.08
russa002,"2,015.00",0.43,0.30,0.22,0.30,0.25,0.15,0.28,0.40,0.03,0.10,0.08,0.08,0.13,0.02,0.03,0.07
russa002,"2,016.00",0.20,0.18,0.30,0.35,0.22,0.17,0.23,0.18,0.10,0.15,0.03,0.07,0.13,0.05,0.07,0.10
ryanb002,"2,012.00",0.18,0.27,0.22,0.20,0.17,0.17,0.18,0.25,0.15,0.12,0.07,0.12,0.08,0.08,0.05,0.05
sandp001,"2,013.00",0.05,0.13,0.10,0.15,0.22,0.18,0.13,0.08,0.07,0.00,0.08,0.03,0.03,0.10,0.08,0.10
sandp001,"2,014.00",0.18,0.25,0.12,0.10,0.12,0.15,0.08,0.08,0.13,0.03,0.00,0.02,0.07,0.08,0.02,0.05
sandp001,"2,015.00",0.22,0.12,0.13,0.08,0.10,0.13,0.18,0.18,0.07,0.10,0.02,0.02,0.02,0.05,0.08,0.03
sanom001,"2,016.00",0.32,0.33,0.35,0.30,0.32,0.38,0.33,0.42,0.13,0.17,0.08,0.17,0.07,0.08,0.03,0.12
santc002,"2,012.00",0.20,0.23,0.17,0.17,0.23,0.13,0.10,0.12,0.18,0.12,0.15,0.13,0.12,0.23,0.13,0.07
santc002,"2,013.00",0.17,0.20,0.18,0.20,0.17,0.15,0.17,0.17,0.13,0.15,0.18,0.07,0.13,0.10,0.12,0.05
santc002,"2,014.00",0.12,0.25,0.20,0.20,0.25,0.27,0.15,0.12,0.22,0.13,0.20,0.22,0.12,0.12,0.17,0.13
santc002,"2,015.00",0.18,0.08,0.20,0.08,0.22,0.22,0.17,0.20,0.13,0.25,0.15,0.18,0.10,0.10,0.13,0.12
santc002,"2,016.00",0.13,0.10,0.13,0.05,0.22,0.13,0.22,0.17,0.12,0.15,0.18,0.10,0.10,0.08,0.12,0.15
saunm001,"2,012.00",0.22,0.33,0.25,0.15,0.20,0.20,0.30,0.20,0.08,0.13,0.08,0.07,0.03,0.07,0.03,0.03
saunm001,"2,016.00",0.22,0.35,0.20,0.28,0.25,0.28,0.35,0.23,0.10,0.12,0.07,0.10,0.07,0.12,0.15,0.10
schin001,"2,013.00",0.10,0.17,0.13,0.18,0.15,0.28,0.30,0.18,0.05,0.03,0.00,0.13,0.07,0.07,0.00,0.08
schoj001,"2,014.00",0.28,0.25,0.13,0.18,0.22,0.33,0.25,0.33,0.00,0.05,0.02,0.05,0.00,0.05,0.02,0.03
schoj001,"2,016.00",0.18,0.27,0.22,0.22,0.17,0.13,0.20,0.23,0.05,0.02,0.02,0.07,0.03,0.03,0.00,0.05
scutm001,"2,012.00",0.02,0.10,0.05,0.08,0.12,0.13,0.08,0.03,0.07,0.03,0.10,0.07,0.03,0.05,0.07,0.10
scutm001,"2,013.00",0.10,0.07,0.02,0.05,0.08,0.05,0.03,0.12,0.05,0.07,0.07,0.12,0.07,0.05,0.15,0.02
seagc001,"2,016.00",0.13,0.15,0.17,0.23,0.18,0.15,0.30,0.18,0.02,0.15,0.03,0.07,0.12,0.05,0.07,0.05
seagk001,"2,012.00",0.12,0.15,0.17,0.20,0.25,0.13,0.18,0.18,0.02,0.03,0.13,0.12,0.08,0.10,0.08,0.05
seagk001,"2,013.00",0.15,0.20,0.20,0.13,0.15,0.18,0.07,0.13,0.08,0.10,0.10,0.07,0.08,0.03,0.12,0.07
seagk001,"2,014.00",0.18,0.23,0.20,0.18,0.17,0.15,0.18,0.17,0.13,0.07,0.08,0.03,0.08,0.07,0.05,0.07
seagk001,"2,015.00",0.10,0.13,0.10,0.23,0.12,0.12,0.08,0.15,0.08,0.03,0.03,0.08,0.07,0.08,0.05,0.07
seagk001,"2,016.00",0.20,0.12,0.10,0.10,0.18,0.17,0.23,0.13,0.10,0.07,0.10,0.05,0.10,0.08,0.03,0.08
seguj002,"2,013.00",0.13,0.13,0.12,0.10,0.03,0.18,0.13,0.17,0.03,0.08,0.03,0.02,0.02,0.02,0.07,0.03
seguj002,"2,014.00",0.13,0.15,0.12,0.08,0.13,0.13,0.13,0.07,0.02,0.00,0.05,0.05,0.00,0.05,0.02,0.08
seguj002,"2,015.00",0.10,0.15,0.17,0.17,0.10,0.20,0.13,0.20,0.03,0.02,0.02,0.00,0.05,0.00,0.02,0.00
seguj002,"2,016.00",0.08,0.17,0.13,0.10,0.22,0.07,0.20,0.17,0.03,0.02,0.02,0.03,0.07,0.17,0.00,0.08
semim001,"2,015.00",0.20,0.17,0.25,0.13,0.25,0.23,0.23,0.20,0.08,0.03,0.07,0.03,0.12,0.02,0.03,0.08
semim001,"2,016.00",0.22,0.25,0.23,0.22,0.15,0.32,0.22,0.22,0.12,0.10,0.08,0.05,0.07,0.10,0.07,0.05
shawt001,"2,016.00",0.23,0.25,0.17,0.30,0.18,0.23,0.28,0.30,0.08,0.07,0.08,0.05,0.08,0.05,0.05,0.12
shucj001,"2,013.00",0.12,0.07,0.03,0.13,0.13,0.12,0.15,0.13,0.07,0.05,0.10,0.02,0.07,0.05,0.00,0.10
simma001,"2,013.00",0.10,0.10,0.12,0.03,0.12,0.07,0.03,0.03,0.10,0.05,0.02,0.05,0.05,0.02,0.07,0.05
simma001,"2,014.00",0.02,0.10,0.17,0.10,0.10,0.05,0.08,0.12,0.02,0.05,0.00,0.08,0.07,0.05,0.10,0.05
simma001,"2,015.00",0.05,0.03,0.15,0.07,0.00,0.13,0.05,0.08,0.05,0.10,0.02,0.07,0.03,0.05,0.10,0.10
simma001,"2,016.00",0.07,0.03,0.10,0.10,0.12,0.08,0.08,0.05,0.02,0.07,0.03,0.05,0.05,0.05,0.10,0.07
smits002,"2,014.00",0.15,0.18,0.12,0.15,0.20,0.15,0.12,0.13,0.10,0.13,0.13,0.15,0.10,0.10,0.13,0.15
smoaj001,"2,012.00",0.27,0.20,0.22,0.22,0.13,0.22,0.28,0.18,0.05,0.08,0.02,0.13,0.10,0.08,0.10,0.08
smoaj001,"2,013.00",0.18,0.22,0.28,0.23,0.23,0.22,0.27,0.15,0.12,0.15,0.15,0.10,0.10,0.12,0.10,0.10
solay001,"2,014.00",0.13,0.10,0.08,0.10,0.17,0.13,0.07,0.10,0.10,0.13,0.10,0.05,0.13,0.08,0.10,0.10
solay001,"2,015.00",0.07,0.17,0.10,0.10,0.10,0.12,0.10,0.03,0.10,0.03,0.07,0.05,0.08,0.05,0.10,0.00
soria001,"2,012.00",0.22,0.18,0.20,0.22,0.20,0.27,0.35,0.25,0.02,0.05,0.05,0.05,0.07,0.05,0.03,0.12
soria001,"2,013.00",0.22,0.13,0.30,0.18,0.28,0.22,0.23,0.30,0.03,0.03,0.00,0.05,0.00,0.05,0.05,0.05
souzs001,"2,016.00",0.33,0.42,0.30,0.33,0.33,0.30,0.38,0.25,0.07,0.07,0.10,0.05,0.03,0.05,0.05,0.10
spand001,"2,012.00",0.12,0.20,0.02,0.15,0.07,0.13,0.10,0.10,0.05,0.08,0.13,0.08,0.10,0.07,0.12,0.07
spand001,"2,013.00",0.08,0.18,0.15,0.12,0.12,0.12,0.05,0.12,0.15,0.03,0.08,0.00,0.08,0.05,0.10,0.02
spand001,"2,014.00",0.13,0.10,0.10,0.02,0.10,0.13,0.12,0.07,0.10,0.03,0.07,0.05,0.07,0.08,0.10,0.15
spand001,"2,016.00",0.07,0.07,0.12,0.08,0.18,0.25,0.10,0.08,0.05,0.18,0.10,0.08,0.07,0.07,0.07,0.05
sprig001,"2,016.00",0.25,0.22,0.22,0.22,0.18,0.20,0.17,0.20,0.07,0.05,0.23,0.07,0.07,0.12,0.15,0.12
stanm004,"2,012.00",0.22,0.28,0.23,0.17,0.33,0.27,0.33,0.43,0.05,0.08,0.10,0.15,0.05,0.07,0.02,0.05
stanm004,"2,013.00",0.33,0.13,0.25,0.32,0.20,0.28,0.27,0.33,0.13,0.08,0.12,0.18,0.22,0.07,0.17,0.12
stanm004,"2,014.00",0.25,0.32,0.17,0.20,0.25,0.28,0.25,0.32,0.07,0.03,0.13,0.13,0.08,0.07,0.13,0.13
stanm004,"2,016.00",0.33,0.22,0.45,0.35,0.25,0.30,0.20,0.17,0.12,0.17,0.08,0.08,0.08,0.10,0.03,0.08
stubd001,"2,012.00",0.25,0.30,0.27,0.25,0.27,0.27,0.28,0.42,0.03,0.07,0.10,0.17,0.07,0.10,0.07,0.02
stubd001,"2,013.00",0.33,0.23,0.33,0.32,0.25,0.22,0.28,0.32,0.12,0.02,0.08,0.05,0.07,0.12,0.07,0.13
suare001,"2,016.00",0.15,0.18,0.38,0.37,0.30,0.17,0.22,0.22,0.07,0.07,0.05,0.05,0.13,0.07,0.07,0.05
suzui001,"2,012.00",0.05,0.08,0.05,0.10,0.07,0.12,0.15,0.05,0.05,0.02,0.08,0.00,0.00,0.03,0.03,0.00
suzui001,"2,013.00",0.12,0.08,0.13,0.08,0.08,0.13,0.03,0.10,0.05,0.03,0.02,0.07,0.05,0.03,0.00,0.03
suzuk001,"2,014.00",0.07,0.07,0.08,0.08,0.10,0.08,0.10,0.10,0.13,0.08,0.03,0.05,0.05,0.13,0.03,0.02
suzuk001,"2,015.00",0.13,0.08,0.10,0.12,0.10,0.08,0.13,0.17,0.08,0.07,0.03,0.02,0.05,0.07,0.05,0.05
swisn001,"2,012.00",0.18,0.20,0.27,0.18,0.22,0.30,0.25,0.15,0.10,0.05,0.05,0.10,0.10,0.23,0.10,0.13
swisn001,"2,013.00",0.17,0.17,0.25,0.20,0.27,0.13,0.28,0.20,0.15,0.08,0.10,0.10,0.12,0.18,0.05,0.08
taylm002,"2,015.00",0.35,0.43,0.18,0.25,0.35,0.28,0.32,0.28,0.03,0.07,0.05,0.05,0.00,0.05,0.07,0.07
teixm001,"2,012.00",0.10,0.13,0.13,0.12,0.15,0.22,0.17,0.18,0.08,0.03,0.12,0.12,0.15,0.12,0.08,0.07
teixm001,"2,014.00",0.23,0.17,0.22,0.13,0.17,0.15,0.22,0.32,0.15,0.08,0.15,0.08,0.05,0.13,0.10,0.08
tejar001,"2,012.00",0.15,0.25,0.08,0.17,0.12,0.15,0.15,0.08,0.12,0.02,0.03,0.05,0.07,0.03,0.05,0.07
tomay001,"2,016.00",0.18,0.23,0.17,0.35,0.28,0.25,0.18,0.22,0.08,0.07,0.07,0.03,0.02,0.02,0.03,0.08
troum001,"2,012.00",0.25,0.22,0.10,0.17,0.22,0.20,0.28,0.13,0.10,0.08,0.05,0.10,0.07,0.10,0.08,0.12
troum001,"2,013.00",0.22,0.17,0.12,0.25,0.17,0.10,0.10,0.20,0.07,0.12,0.08,0.15,0.07,0.15,0.05,0.10
troum001,"2,014.00",0.20,0.33,0.28,0.18,0.15,0.23,0.20,0.32,0.07,0.12,0.13,0.17,0.12,0.20,0.07,0.08
troum001,"2,015.00",0.20,0.25,0.18,0.20,0.23,0.28,0.22,0.25,0.08,0.13,0.05,0.05,0.05,0.15,0.08,0.12
troum001,"2,016.00",0.25,0.20,0.17,0.18,0.12,0.13,0.17,0.20,0.13,0.07,0.13,0.17,0.15,0.08,0.17,0.20
trumm001,"2,012.00",0.27,0.15,0.22,0.27,0.12,0.20,0.27,0.35,0.08,0.08,0.03,0.08,0.00,0.07,0.07,0.02
trumm001,"2,013.00",0.18,0.30,0.28,0.25,0.13,0.23,0.30,0.32,0.05,0.08,0.10,0.08,0.17,0.03,0.02,0.07
trumm001,"2,015.00",0.20,0.13,0.23,0.30,0.25,0.30,0.22,0.25,0.02,0.07,0.08,0.02,0.07,0.05,0.10,0.07
trumm001,"2,016.00",0.20,0.35,0.22,0.30,0.23,0.30,0.18,0.27,0.03,0.08,0.07,0.08,0.05,0.05,0.10,0.02
tulot001,"2,013.00",0.12,0.12,0.15,0.13,0.22,0.22,0.17,0.13,0.12,0.12,0.00,0.07,0.08,0.08,0.10,0.15
tulot001,"2,015.00",0.20,0.25,0.18,0.17,0.18,0.20,0.17,0.22,0.02,0.02,0.03,0.08,0.07,0.12,0.08,0.08
tulot001,"2,016.00",0.28,0.27,0.18,0.18,0.17,0.13,0.22,0.08,0.10,0.12,0.05,0.10,0.05,0.07,0.10,0.05
turnj001,"2,016.00",0.13,0.17,0.12,0.20,0.13,0.18,0.12,0.25,0.05,0.10,0.12,0.07,0.07,0.10,0.07,0.02
uggld001,"2,012.00",0.18,0.27,0.33,0.22,0.32,0.32,0.28,0.25,0.10,0.10,0.13,0.22,0.20,0.07,0.15,0.12
uggld001,"2,013.00",0.30,0.37,0.32,0.32,0.37,0.22,0.32,0.30,0.15,0.13,0.10,0.18,0.17,0.10,0.07,0.15
uptob001,"2,012.00",0.13,0.27,0.28,0.25,0.32,0.27,0.22,0.23,0.07,0.12,0.03,0.05,0.08,0.12,0.07,0.05
uptob001,"2,014.00",0.30,0.25,0.40,0.22,0.33,0.25,0.32,0.35,0.07,0.12,0.12,0.07,0.07,0.05,0.07,0.12
uptob001,"2,016.00",0.20,0.32,0.23,0.22,0.28,0.40,0.38,0.27,0.13,0.10,0.05,0.02,0.02,0.02,0.05,0.07
uptoj001,"2,012.00",0.22,0.27,0.17,0.25,0.20,0.20,0.13,0.20,0.13,0.03,0.15,0.08,0.05,0.10,0.13,0.08
uptoj001,"2,013.00",0.23,0.30,0.18,0.38,0.25,0.15,0.22,0.23,0.08,0.15,0.22,0.05,0.13,0.10,0.03,0.10
uptoj001,"2,014.00",0.27,0.32,0.28,0.28,0.25,0.23,0.15,0.27,0.12,0.10,0.08,0.08,0.05,0.12,0.07,0.13
uptoj001,"2,015.00",0.27,0.20,0.23,0.25,0.25,0.35,0.18,0.22,0.05,0.10,0.07,0.12,0.13,0.08,0.07,0.15
uptoj001,"2,016.00",0.37,0.30,0.40,0.23,0.25,0.27,0.22,0.25,0.03,0.02,0.10,0.08,0.08,0.05,0.05,0.05
utlec001,"2,013.00",0.12,0.13,0.15,0.15,0.20,0.18,0.12,0.13,0.07,0.08,0.10,0.10,0.02,0.05,0.15,0.03
utlec001,"2,014.00",0.10,0.08,0.15,0.20,0.07,0.12,0.12,0.15,0.08,0.02,0.03,0.05,0.05,0.08,0.05,0.13
utlec001,"2,016.00",0.13,0.17,0.20,0.28,0.13,0.18,0.17,0.27,0.07,0.17,0.10,0.05,0.05,0.05,0.05,0.03
valbl001,"2,014.00",0.18,0.28,0.12,0.25,0.20,0.20,0.22,0.20,0.20,0.08,0.15,0.05,0.03,0.12,0.08,0.10
valbl001,"2,015.00",0.17,0.20,0.27,0.20,0.22,0.17,0.22,0.23,0.08,0.05,0.07,0.07,0.15,0.10,0.10,0.13
valed001,"2,016.00",0.17,0.18,0.20,0.18,0.30,0.30,0.13,0.25,0.07,0.02,0.08,0.08,0.07,0.05,0.07,0.15
venaw001,"2,012.00",0.13,0.25,0.25,0.18,0.12,0.23,0.18,0.13,0.05,0.12,0.07,0.03,0.10,0.12,0.07,0.08
venaw001,"2,013.00",0.25,0.22,0.17,0.27,0.17,0.20,0.25,0.22,0.07,0.10,0.00,0.00,0.05,0.07,0.02,0.08
vicid001,"2,012.00",0.25,0.28,0.10,0.28,0.23,0.08,0.27,0.23,0.02,0.03,0.02,0.07,0.12,0.03,0.03,0.02
vicid001,"2,013.00",0.30,0.15,0.25,0.12,0.22,0.17,0.17,0.25,0.05,0.08,0.03,0.00,0.10,0.03,0.07,0.02
vicid001,"2,014.00",0.18,0.13,0.27,0.20,0.13,0.23,0.32,0.23,0.07,0.10,0.03,0.03,0.05,0.07,0.02,0.03
victs001,"2,012.00",0.12,0.12,0.13,0.07,0.08,0.12,0.12,0.10,0.08,0.03,0.10,0.12,0.08,0.07,0.05,0.07
victs001,"2,013.00",0.13,0.08,0.10,0.13,0.15,0.03,0.12,0.17,0.10,0.07,0.05,0.02,0.02,0.05,0.05,0.03
villj001,"2,016.00",0.25,0.23,0.23,0.22,0.28,0.33,0.22,0.17,0.15,0.12,0.12,0.15,0.03,0.10,0.10,0.15
vogts001,"2,015.00",0.13,0.15,0.15,0.32,0.20,0.10,0.20,0.18,0.07,0.13,0.17,0.13,0.05,0.05,0.05,0.08
vogts001,"2,016.00",0.18,0.17,0.17,0.12,0.05,0.15,0.25,0.12,0.05,0.03,0.02,0.08,0.07,0.03,0.07,0.07
vottj001,"2,012.00",0.23,0.20,0.12,0.12,0.20,0.17,0.10,0.20,0.15,0.17,0.18,0.13,0.07,0.10,0.18,0.22
vottj001,"2,013.00",0.17,0.27,0.17,0.15,0.20,0.15,0.20,0.25,0.30,0.07,0.10,0.10,0.12,0.10,0.13,0.13
vottj001,"2,015.00",0.12,0.22,0.22,0.15,0.17,0.13,0.22,0.10,0.15,0.08,0.12,0.08,0.17,0.22,0.13,0.25
vottj001,"2,016.00",0.17,0.30,0.28,0.27,0.18,0.17,0.17,0.13,0.08,0.08,0.20,0.05,0.22,0.18,0.20,0.17
walkn001,"2,012.00",0.10,0.15,0.27,0.23,0.27,0.17,0.23,0.13,0.07,0.10,0.02,0.10,0.10,0.13,0.12,0.07
walkn001,"2,013.00",0.13,0.20,0.20,0.17,0.15,0.10,0.12,0.10,0.07,0.13,0.10,0.07,0.08,0.07,0.08,0.05
walkn001,"2,014.00",0.12,0.10,0.13,0.13,0.22,0.17,0.07,0.15,0.05,0.08,0.03,0.07,0.03,0.10,0.08,0.10
walkn001,"2,015.00",0.17,0.13,0.18,0.22,0.22,0.20,0.18,0.10,0.05,0.07,0.05,0.02,0.15,0.03,0.03,0.07
weekj001,"2,012.00",0.15,0.13,0.12,0.13,0.10,0.12,0.10,0.18,0.08,0.08,0.13,0.08,0.13,0.08,0.05,0.10
weekr001,"2,012.00",0.30,0.22,0.38,0.27,0.22,0.28,0.23,0.23,0.12,0.18,0.08,0.17,0.13,0.05,0.07,0.12
wertj001,"2,013.00",0.20,0.20,0.25,0.25,0.15,0.12,0.17,0.18,0.02,0.08,0.08,0.15,0.12,0.13,0.13,0.03
wertj001,"2,014.00",0.20,0.18,0.13,0.15,0.10,0.23,0.23,0.20,0.13,0.08,0.07,0.08,0.08,0.15,0.12,0.08
wertj001,"2,016.00",0.27,0.25,0.15,0.22,0.20,0.18,0.25,0.20,0.12,0.03,0.07,0.13,0.15,0.25,0.07,0.10
wietm001,"2,012.00",0.18,0.17,0.20,0.18,0.10,0.17,0.23,0.20,0.12,0.08,0.10,0.05,0.12,0.08,0.05,0.10
wietm001,"2,013.00",0.18,0.22,0.15,0.10,0.18,0.20,0.18,0.15,0.08,0.07,0.07,0.03,0.08,0.08,0.08,0.05
willj004,"2,012.00",0.22,0.17,0.25,0.23,0.27,0.17,0.13,0.25,0.07,0.17,0.17,0.12,0.03,0.10,0.15,0.15
willj004,"2,013.00",0.27,0.27,0.27,0.25,0.23,0.28,0.30,0.25,0.18,0.20,0.07,0.10,0.07,0.17,0.13,0.15
wongk001,"2,015.00",0.12,0.12,0.23,0.12,0.12,0.20,0.15,0.12,0.07,0.03,0.10,0.05,0.07,0.03,0.02,0.07
wrigd002,"2,012.00",0.15,0.13,0.17,0.05,0.08,0.17,0.22,0.28,0.10,0.13,0.15,0.12,0.08,0.05,0.12,0.13
wrigd002,"2,013.00",0.17,0.12,0.18,0.23,0.17,0.15,0.13,0.10,0.15,0.17,0.12,0.03,0.08,0.08,0.10,0.03
wrigd002,"2,014.00",0.17,0.27,0.18,0.23,0.15,0.12,0.08,0.20,0.07,0.05,0.02,0.05,0.10,0.08,0.08,0.07
yelic001,"2,014.00",0.20,0.25,0.17,0.17,0.23,0.25,0.22,0.20,0.08,0.10,0.13,0.10,0.12,0.08,0.13,0.10
yelic001,"2,015.00",0.25,0.27,0.22,0.22,0.13,0.10,0.17,0.12,0.07,0.10,0.05,0.10,0.17,0.07,0.03,0.07
yelic001,"2,016.00",0.17,0.17,0.15,0.17,0.27,0.27,0.17,0.22,0.22,0.08,0.10,0.05,0.13,0.05,0.10,0.03
youkk001,"2,012.00",0.27,0.30,0.10,0.17,0.20,0.17,0.22,0.20,0.05,0.10,0.08,0.12,0.15,0.10,0.08,0.12
yound003,"2,012.00",0.22,0.23,0.10,0.20,0.20,0.12,0.12,0.08,0.03,0.07,0.02,0.00,0.02,0.02,0.12,0.02
youne003,"2,013.00",0.12,0.25,0.17,0.15,0.17,0.15,0.12,0.13,0.05,0.05,0.08,0.08,0.13,0.12,0.03,0.08
younm003,"2,012.00",0.10,0.15,0.12,0.15,0.07,0.08,0.05,0.12,0.03,0.05,0.03,0.03,0.05,0.05,0.02,0.05
younm003,"2,013.00",0.17,0.15,0.10,0.12,0.13,0.17,0.12,0.22,0.07,0.10,0.17,0.03,0.00,0.05,0.13,0.05
zimmr001,"2,012.00",0.13,0.20,0.15,0.17,0.18,0.13,0.15,0.22,0.13,0.12,0.00,0.03,0.05,0.08,0.10,0.10
zimmr001,"2,013.00",0.20,0.23,0.18,0.27,0.18,0.22,0.12,0.17,0.12,0.13,0.03,0.07,0.15,0.08,0.03,0.13
zimmr001,"2,016.00",0.18,0.20,0.18,0.18,0.37,0.08,0.28,0.25,0.10,0.03,0.12,0.05,0.05,0.03,0.05,0.02
zobrb001,"2,012.00",0.25,0.13,0.10,0.15,0.10,0.08,0.17,0.17,0.13,0.15,0.17,0.08,0.17,0.13,0.17,0.10
zobrb001,"2,013.00",0.12,0.18,0.12,0.17,0.07,0.17,0.17,0.17,0.15,0.03,0.15,0.10,0.12,0.08,0.07,0.10
zobrb001,"2,014.00",0.12,0.08,0.15,0.18,0.17,0.08,0.08,0.13,0.15,0.12,0.10,0.03,0.13,0.12,0.18,0.10
zobrb001,"2,015.00",0.05,0.10,0.07,0.13,0.10,0.08,0.13,0.05,0.07,0.12,0.17,0.10,0.08,0.18,0.10,0.08
zobrb001,"2,016.00",0.13,0.08,0.07,0.18,0.18,0.12,0.10,0.08,0.15,0.17,0.17,0.12,0.08,0.12,0.13,0.12
zunim001,"2,014.00",0.32,0.25,0.28,0.42,0.37,0.28,0.38,0.32,0.00,0.07,0.07,0.02,0.02,0.02,0.05,0.03
